# de_dust2, from the CS2 navigation mesh (see tools/build_dust2.gd). Metres, Godot axes.
POLY -6.248 8.674,0.076,24.687 9.982,0.076,24.289 9.449,0.076,23.908 8.674,0.076,24.080
POLY -6.248 9.191,1.524,22.181 8.369,1.524,22.181 8.369,1.524,23.157 8.947,1.524,23.639
POLY -6.248 9.982,0.076,24.289 10.363,0.076,24.289 9.792,0.076,23.489 9.449,0.076,23.908
POLY -6.248 9.804,1.524,23.645 9.804,1.524,22.371 8.668,1.524,23.508 8.865,1.524,24.397
POLY -6.248 9.209,1.524,22.073 9.030,1.524,23.146 9.656,1.524,22.520
POLY -6.248 10.429,2.134,24.263 10.054,2.134,24.263 8.674,2.134,24.672 8.674,2.134,28.087
POLY -6.248 9.258,0.291,22.193 8.861,0.291,21.200 8.369,0.291,21.610 8.369,0.291,22.193
POLY -6.248 10.592,0.076,24.441 9.792,0.076,22.727 9.792,0.076,23.489 10.363,0.076,24.289
POLY -6.248 9.258,0.291,22.193 9.411,0.291,22.269 8.897,0.291,20.921 8.815,0.291,21.085
POLY -6.248 9.106,0.291,19.945 8.674,0.291,19.945 8.674,0.291,21.469 9.106,0.291,21.469 9.411,0.291,22.269
POLY -6.248 11.259,0.291,19.431 9.411,0.305,22.269 11.259,0.305,19.945
POLY -6.248 9.411,0.305,22.269 9.792,0.305,22.727 11.259,0.305,19.945
POLY -6.248 11.259,0.291,19.431 9.106,0.291,19.945 9.411,0.291,22.269
POLY -6.248 10.516,1.219,27.222 10.363,1.219,27.222 8.674,1.219,27.837 8.674,1.219,29.562
POLY -6.248 10.468,2.134,24.179 8.814,2.134,27.783 11.416,2.134,26.895 11.302,2.134,26.325
POLY -6.248 9.792,0.076,22.727 10.592,0.076,24.441 13.411,0.076,24.822 13.411,0.076,19.945
POLY -6.248 9.792,0.305,22.727 13.411,0.076,19.945 11.259,0.305,19.945
POLY -6.248 13.411,0.076,24.822 10.592,0.254,24.441 10.744,0.076,24.822
POLY -6.248 11.201,0.076,26.041 13.411,0.076,24.822 10.744,0.076,24.822
POLY -6.248 11.201,0.076,26.041 10.744,0.076,24.822 11.125,0.076,25.965
POLY -6.248 10.985,1.219,26.626 8.689,1.219,29.543 11.171,1.219,29.419
POLY -6.248 11.316,0.076,26.537 13.411,0.076,24.822 11.201,0.076,26.041
POLY -6.248 8.674,0.076,29.766 10.820,0.076,29.432 8.674,0.076,29.528
POLY -6.248 11.125,0.271,28.594 11.239,0.271,26.880 10.973,0.271,27.032
POLY -6.248 11.259,0.291,19.431 8.674,0.033,18.813 8.674,0.291,20.049
POLY -6.248 9.106,0.076,29.699 11.259,0.076,30.651 11.259,0.076,29.699 10.820,0.076,29.432
POLY -6.248 11.259,0.076,30.651 8.674,0.076,29.508 8.674,0.076,31.550 13.411,0.076,32.137
POLY -6.248 11.125,0.305,29.127 11.316,0.076,26.537 11.125,0.271,28.594
POLY -6.248 13.411,0.076,29.699 13.411,0.076,24.822 11.316,0.076,26.537 11.125,0.076,29.127
POLY -6.248 8.879,0.076,19.428 11.354,0.076,13.849 8.795,0.076,19.260
POLY -6.248 9.106,0.076,18.917 11.259,0.076,19.431 11.354,0.076,13.849
POLY -6.248 11.558,0.076,13.418 10.895,0.076,13.418 9.030,0.076,18.764
POLY -6.248 9.124,0.076,19.469 8.534,0.076,15.069 7.037,0.076,17.382
POLY -6.248 10.744,0.076,13.849 8.534,0.076,15.069 9.030,0.076,18.764
POLY -6.248 13.411,0.076,29.699 10.820,0.305,29.432 11.259,0.305,29.699
POLY -6.248 13.411,0.076,29.699 11.049,0.305,29.280 10.820,0.305,29.432
POLY -6.248 13.411,0.076,29.699 11.125,0.305,29.127 11.049,0.305,29.280
POLY -6.248 8.534,0.076,34.576 8.844,0.076,31.477 7.874,0.076,31.477 7.874,0.076,34.576
POLY -6.248 11.259,0.298,19.431 11.259,0.298,19.945 13.411,0.077,19.945 13.411,0.076,15.069
POLY -6.248 13.411,0.076,29.699 11.259,0.305,29.699 11.259,0.305,30.651 13.411,0.076,32.137
POLY -6.248 8.534,0.076,34.576 9.106,0.076,31.604 8.747,0.076,31.364 9.108,0.076,30.823
POLY -6.248 13.411,0.076,32.137 9.106,0.076,31.604 8.534,0.076,34.576 13.411,0.076,34.576
POLY -6.248 7.530,0.076,17.367 3.658,0.076,13.240 3.658,0.076,17.367
POLY -6.248 8.534,0.076,34.576 9.033,0.076,31.310 8.852,0.076,31.401
POLY -6.248 11.259,0.076,19.431 13.411,0.076,15.069 11.354,0.076,13.849
POLY -6.248 1.524,0.076,11.487 -1.219,0.076,15.069 -1.219,0.076,17.367 3.827,0.076,17.367
POLY -6.248 1.131,0.076,10.483 3.658,0.076,16.935 3.658,0.076,15.069 3.008,0.076,12.360
POLY -6.248 8.534,0.076,15.069 6.860,0.076,17.286 7.041,0.076,17.376
POLY -6.248 7.125,0.076,16.935 8.534,0.076,15.069 8.534,0.076,12.808 3.253,0.076,12.808
POLY -6.248 20.650,0.076,26.575 20.155,0.076,24.822 13.411,0.076,24.822 13.411,0.076,29.699
POLY -6.248 18.288,0.076,19.945 13.411,0.076,19.945 13.411,0.076,24.822 18.288,0.076,24.822
POLY -6.248 18.288,0.076,19.945 16.916,0.076,18.993 17.110,0.076,18.607 17.362,0.076,18.733 13.411,0.076,19.945
POLY -6.248 17.043,0.076,17.014 13.411,0.076,15.069 13.411,0.076,19.945 17.043,0.076,18.518
POLY -6.248 13.411,0.076,19.945 17.195,0.076,18.784 17.023,0.076,18.526
POLY -6.248 20.650,0.076,26.575 13.411,0.076,29.699 18.288,0.076,29.699 21.298,0.076,29.127
POLY -6.248 18.288,0.076,29.699 13.411,0.076,29.699 13.411,0.076,32.137 14.783,0.076,34.004
POLY -6.248 3.281,0.076,12.808 3.658,0.076,15.069 3.658,0.076,12.808
POLY -6.248 3.069,0.076,12.615 3.658,0.076,15.069 3.265,0.076,12.713
POLY -6.248 8.306,0.076,34.576 14.554,0.076,36.252 13.411,0.076,34.576
POLY -6.248 8.306,0.076,34.576 13.411,0.076,39.453 14.783,0.076,38.386 14.554,0.076,36.252
POLY -6.248 7.874,0.076,34.163 7.874,0.076,35.566 8.306,0.076,35.566 8.534,0.076,39.453 13.411,0.076,39.453
POLY -6.248 -1.219,0.076,17.367 -1.219,0.076,15.069 -3.658,0.076,15.069 -2.907,0.076,17.367
POLY -6.248 8.534,0.076,13.240 8.534,0.076,15.069 11.203,0.076,13.596 10.709,0.076,13.349 10.516,0.076,13.735
POLY -6.248 -4.636,0.076,26.930 -4.636,0.076,24.822 -5.067,0.076,24.822 -5.719,0.076,26.452 -5.731,0.076,26.433 -5.372,0.076,26.194
POLY -6.248 -6.096,0.076,24.822 -4.636,0.076,24.822 -4.636,0.076,18.539 -6.096,0.076,19.945
POLY -6.248 -6.096,0.076,24.822 -5.441,0.076,26.490 -5.685,0.076,26.367 -5.067,0.076,24.822
POLY -6.248 -4.636,0.076,26.930 -5.372,0.076,26.194 -5.372,0.076,28.442 -5.067,0.076,29.699 -4.636,0.076,29.699
POLY -6.248 13.411,0.076,32.137 13.411,0.076,34.576 14.554,0.076,34.157 14.794,0.076,34.516 15.039,0.076,34.353
POLY -6.248 -5.677,0.076,25.889 -6.096,0.076,24.822 -7.557,0.076,24.822 -7.557,0.076,25.889
POLY -6.248 8.534,0.076,39.453 8.255,0.076,34.702 8.162,0.076,34.889
POLY -6.248 -5.867,0.076,29.432 -5.067,0.076,29.699 -5.510,0.076,27.871 -5.884,0.076,28.431 -5.525,0.076,28.670
POLY -6.248 6.245,0.076,37.207 8.534,0.076,39.453 8.182,0.076,35.138
POLY -6.248 -6.610,0.076,22.384 -7.125,0.076,24.822 -6.096,0.076,24.822 -6.096,0.076,22.384
POLY -6.248 -6.210,0.076,30.385 -4.648,0.076,34.576 -4.216,0.076,34.576 -4.216,0.076,30.385
POLY -6.248 -6.096,0.076,29.699 -4.648,0.076,30.385 -4.409,0.135,30.025 -4.752,0.144,29.797 -4.991,0.085,30.156
POLY -6.248 -6.210,0.076,30.385 -4.648,0.076,30.385 -6.096,0.076,29.699
POLY -6.248 -6.096,0.076,29.699 -4.636,0.088,30.132 -4.636,0.076,29.699
POLY -6.248 -5.067,0.076,29.699 -5.867,0.076,29.432 -6.096,0.076,29.699
POLY -6.248 -3.099,0.076,17.444 -2.912,0.076,17.350 -3.658,0.076,15.069
POLY -6.248 -6.297,0.076,29.385 -5.867,0.076,29.432 -5.293,0.076,28.155 -6.188,0.076,28.411
POLY -6.248 -3.084,0.076,17.506 -3.658,0.076,15.069 -6.096,0.076,15.069 -4.852,0.076,19.274
POLY -6.248 -6.096,0.085,29.699 -4.382,0.085,30.408 -4.501,0.085,30.172
POLY -6.248 -6.096,0.076,15.069 -1.219,0.076,15.069 -1.219,0.076,11.144
POLY -6.248 -1.219,0.076,15.069 -0.838,0.076,11.411 -1.219,0.076,11.144
POLY -6.248 1.524,0.076,11.487 0.571,0.076,11.411 -0.838,0.076,11.411 -1.219,0.076,15.069
POLY -6.248 -8.044,0.076,19.483 -7.440,0.076,19.886 -7.201,0.076,19.526 -6.096,0.076,19.945 -5.067,0.076,18.955
POLY -6.248 -7.430,0.076,19.374 -4.538,0.076,18.861 -4.812,0.076,19.409 -6.096,0.076,15.069
POLY -6.248 -6.858,2.794,25.737 -7.049,2.794,27.261 -6.210,2.794,26.841 -5.989,2.794,25.954
POLY -6.248 -6.282,2.794,29.043 -5.708,2.794,26.590 -7.480,2.794,27.476 -7.480,2.794,27.627
POLY -6.248 8.534,0.085,12.808 8.534,0.085,13.240 10.756,0.085,13.578 10.537,0.085,12.808
POLY -6.248 8.534,0.076,13.240 11.330,0.076,13.939 11.007,0.088,13.616
POLY -6.248 -7.557,0.076,24.822 -7.125,0.076,24.822 -6.096,0.076,19.945 -7.557,0.076,19.567
POLY -6.248 -1.219,0.520,36.392 -1.219,0.305,36.824 3.518,0.054,37.327 3.518,0.520,36.392
POLY -6.248 -6.096,0.076,19.945 -7.797,0.076,19.300 -7.679,0.076,19.535
POLY -6.248 -6.148,0.076,29.267 -6.210,0.076,30.385 -6.024,0.076,29.267
POLY -6.248 13.411,0.076,13.240 11.582,0.076,13.735 11.389,0.076,13.349 10.912,0.076,13.588 13.411,0.076,15.069
POLY -6.248 -5.804,1.880,28.531 -6.401,1.880,29.127 -5.804,1.880,29.724
POLY -6.248 -5.804,1.880,29.326 -5.804,1.880,29.114 -5.790,1.880,29.127 -7.125,1.880,29.127
POLY -6.248 -6.309,1.880,29.670 -6.363,1.880,29.242 -7.125,1.880,29.127 -5.718,1.880,29.596
POLY -6.248 3.472,0.076,37.088 3.086,0.076,37.281 3.658,0.076,39.453 3.162,0.076,37.433 3.549,0.076,37.240
POLY -6.248 -1.219,0.076,39.453 3.658,0.076,39.453 3.086,0.076,37.281 -1.219,0.076,36.824
POLY -6.248 13.411,0.076,13.240 13.411,0.076,15.069 16.612,0.076,16.783 16.916,0.076,15.069
POLY -6.248 15.145,0.076,33.940 13.411,0.076,34.576 15.030,0.076,34.171
POLY -6.248 14.910,0.085,34.576 13.411,0.085,34.576 14.910,0.085,36.717
POLY -6.248 13.411,0.085,34.576 14.554,0.076,36.252 14.940,0.217,36.059 14.864,0.226,35.907 14.478,0.085,36.100
POLY -6.248 14.910,0.073,34.201 13.411,0.085,34.576 14.910,0.085,34.576
POLY -6.248 -6.877,2.794,25.889 -7.557,2.794,25.889 -7.557,2.794,27.277 -7.130,2.794,27.916
POLY -6.248 6.050,0.076,37.278 8.534,0.076,39.453 6.227,0.076,37.190
POLY -6.248 10.745,0.076,13.962 13.411,0.076,13.240 11.023,0.076,13.684
POLY -6.248 3.391,0.076,37.154 3.391,0.076,37.586 8.534,0.076,39.453 5.907,0.076,37.154
POLY -6.248 -6.096,0.076,34.576 -6.210,0.076,30.385 -6.287,0.076,30.537
POLY -6.248 -6.210,0.076,30.385 -6.096,0.076,34.576 -4.648,0.076,34.576
POLY -6.248 3.010,0.076,36.813 3.658,0.076,39.453 3.309,0.076,37.012
POLY -6.248 -7.049,2.794,28.137 -6.615,2.794,29.147 -6.254,2.794,29.075
POLY -6.248 -7.369,1.880,30.740 -6.194,1.880,30.740 -6.123,1.880,29.735 -5.820,1.880,29.625 -5.858,1.880,29.206 -6.668,1.880,29.280
POLY -6.248 -7.557,1.880,31.132 -6.668,1.880,29.280 -7.557,1.880,28.984
POLY -6.248 3.391,0.076,37.586 3.658,0.076,39.453 5.524,0.076,39.834 8.534,0.076,39.453
POLY -6.248 -6.096,0.076,34.576 -6.287,0.076,30.537 -6.515,0.076,30.690
POLY -6.248 -7.271,2.794,27.617 -7.557,2.794,28.187 -7.557,2.794,29.062 -6.543,2.794,29.315
POLY -6.248 18.288,0.076,19.945 18.288,0.076,24.822 20.002,0.076,23.870 20.193,0.076,23.603
POLY -6.248 20.002,0.076,23.870 18.288,0.076,24.822 20.002,0.076,24.174
POLY -6.248 20.002,0.076,24.174 18.288,0.076,24.822 20.155,0.076,24.822
POLY -6.248 11.277,0.076,13.637 13.411,0.076,13.240 13.411,0.115,12.808 11.588,0.145,12.808
POLY -6.248 16.295,0.076,18.561 18.288,0.076,19.945 19.728,0.076,18.561
POLY -6.248 18.288,0.076,29.699 14.431,0.076,34.436 16.535,0.076,34.436 19.713,0.076,34.436
POLY -6.248 -7.557,0.076,34.576 -6.096,0.076,34.576 -6.515,0.076,30.690 -7.557,0.076,30.690
POLY -6.248 -1.219,0.076,39.453 -1.219,0.076,36.392 -2.905,0.076,36.392
POLY -6.248 -9.492,0.076,19.806 -7.563,0.076,19.806 -6.096,0.076,15.069
POLY -6.248 0.952,0.076,11.106 0.571,0.076,11.411 2.027,0.076,11.527 2.075,0.076,11.624
POLY -6.248 23.165,0.076,19.945 18.288,0.076,19.945 20.193,0.076,23.603 22.174,0.076,23.031
POLY -6.248 23.165,0.076,19.945 21.022,0.076,18.231 22.265,0.076,18.542 18.288,0.076,19.945
POLY -6.248 19.431,0.076,18.917 19.238,0.076,18.530 19.085,0.076,18.607 19.279,0.076,18.993 18.288,0.076,19.945 21.526,0.076,18.802
POLY -6.248 21.450,0.076,29.470 18.288,0.076,29.699 21.679,0.076,29.623
POLY -6.248 21.298,0.076,29.127 18.288,0.076,29.699 21.450,0.076,29.470
POLY -6.248 18.288,0.076,29.699 19.583,0.076,34.004 23.708,0.076,32.846 23.531,0.076,33.058
POLY -6.248 18.288,0.076,29.699 23.165,0.051,29.699 21.679,0.076,29.623
POLY -6.248 18.288,0.076,29.699 23.165,0.076,32.823 23.165,0.076,29.699
POLY -6.248 -4.901,0.076,34.576 -3.996,0.076,35.520 -4.206,0.076,34.576
POLY -6.248 0.952,0.076,11.106 1.448,0.076,11.335 1.067,0.076,10.878
POLY -6.248 1.067,0.076,10.878 1.880,0.076,11.853 1.880,0.076,10.192 1.029,0.076,10.192
POLY -6.248 17.348,0.152,15.069 16.916,0.152,15.069 16.594,0.152,17.271 17.348,0.152,16.642
POLY -6.248 -6.096,0.076,39.453 -2.486,0.076,36.472 -4.303,0.076,34.576 -7.125,0.076,34.576
POLY -6.248 15.164,0.076,14.154 16.846,0.076,12.913 15.756,0.076,12.808 12.584,0.076,12.808
POLY -6.248 -3.225,0.421,36.062 -2.019,0.076,38.100 -2.995,0.421,36.177
POLY -6.248 -2.019,0.076,38.100 -2.819,0.305,36.747 -6.096,0.076,39.453
POLY -6.248 14.488,0.076,35.635 14.783,0.076,38.386 15.215,0.076,38.386 15.215,0.076,36.240
POLY -6.248 3.658,0.076,39.834 5.524,0.076,39.834 3.658,0.076,39.453 -1.219,0.076,39.453
POLY -6.248 -8.268,0.076,11.106 -6.096,0.076,15.069 -1.219,0.076,11.144
POLY -6.248 1.079,1.321,10.420 0.571,1.168,10.420 0.419,1.205,10.916 0.855,1.395,11.265 1.079,1.415,10.985
POLY -6.248 -1.026,1.205,11.130 -0.792,1.205,11.424 0.263,1.205,11.424 0.571,1.205,10.420
POLY -6.248 8.534,0.076,39.453 5.524,0.076,39.834 5.753,0.149,39.986
POLY -6.248 -9.182,0.076,19.374 -6.096,0.076,15.069 -8.268,0.076,11.106
POLY -6.248 5.753,0.149,39.986 5.829,0.149,40.291 5.905,0.149,40.329 8.534,0.149,39.453
POLY -6.248 5.905,0.149,41.281 8.534,0.149,39.453 5.905,0.149,40.329
POLY -6.248 13.411,0.076,41.891 13.411,0.076,39.453 8.534,0.076,39.453
POLY -6.248 6.096,-0.102,44.329 8.534,0.076,39.453 5.905,0.149,41.281
POLY -6.248 6.096,0.076,44.329 13.411,0.076,41.891 8.534,0.076,39.453
POLY -6.248 -0.876,1.198,10.725 -1.271,1.298,11.120 -0.968,1.332,11.424 -0.381,1.290,11.424 -0.381,1.198,10.916
POLY -6.248 -0.762,1.198,10.268 0.071,1.198,11.685 0.488,1.198,11.268
POLY -6.248 -1.069,1.198,9.746 -1.384,1.198,10.166 -1.384,1.198,10.530 -0.381,1.198,10.916
POLY -6.248 3.658,0.076,39.834 -1.219,0.076,39.453 -1.219,0.076,39.834
POLY -6.248 -0.686,0.076,6.229 0.533,0.076,9.735 1.880,0.076,10.408 1.880,0.076,5.130
POLY -6.248 1.448,0.076,10.192 0.762,0.076,9.849 1.029,0.076,10.192
POLY -6.248 -0.114,1.219,10.458 -0.394,1.141,11.436 -0.114,1.167,11.436
POLY -6.248 -0.114,1.205,10.725 0.571,1.205,10.420 -0.114,1.205,10.458
POLY -6.248 -6.096,0.051,10.192 -8.268,0.254,11.106 -1.219,0.051,11.144
POLY -6.248 -1.372,0.051,10.878 -6.096,0.051,10.192 -1.219,0.051,11.144
POLY -6.248 -1.219,0.076,39.453 -2.019,0.076,38.100 -6.096,0.076,39.453 -6.096,0.076,39.834
POLY -6.248 -0.114,1.219,10.458 -0.762,1.219,10.268 -0.191,1.198,10.725
POLY -6.248 -0.856,1.163,9.841 -0.114,1.219,10.458 0.571,1.168,10.420 -0.875,1.168,9.864
POLY -6.248 0.571,1.168,10.420 0.967,1.168,10.025 0.663,1.168,9.722 0.076,1.168,9.722 0.076,1.168,10.230
POLY -6.248 22.893,1.105,22.847 19.802,1.105,23.620 20.145,1.105,24.822 23.358,1.105,24.822
POLY -6.248 19.431,0.076,18.917 22.106,0.076,18.771 21.911,0.076,18.576
POLY -6.248 19.563,0.076,18.174 18.723,0.076,19.014 21.826,0.076,18.588 21.731,0.076,18.398
POLY -6.248 -0.818,1.219,9.712 -0.762,1.219,10.268 -0.114,1.219,10.458 0.415,1.219,9.841 0.151,1.219,9.615
POLY -6.248 -1.676,0.051,5.772 -6.096,0.051,10.192 -1.372,0.051,10.878 -1.334,0.051,10.192
POLY -6.248 -11.547,0.076,17.960 -11.316,0.076,19.806 -8.460,0.076,19.806
POLY -6.248 -10.973,0.076,15.069 -9.182,0.076,19.374 -8.268,0.076,11.106
POLY -6.248 -10.973,0.076,15.069 -11.076,0.076,18.241 -9.182,0.076,19.374
POLY -6.248 5.829,0.149,40.291 5.829,0.149,41.319 5.905,0.149,40.977
POLY -6.248 5.905,0.149,40.329 5.829,0.149,40.291 5.905,0.149,40.977
POLY -6.248 23.689,1.537,26.031 23.363,1.195,24.822 20.149,1.036,24.822 20.754,1.694,27.157
POLY -6.248 0.991,1.727,39.821 0.991,1.727,40.329 5.900,1.727,40.500 5.731,1.727,39.821
POLY -6.248 0.991,1.727,40.329 0.991,1.727,41.675 5.815,1.727,41.675 5.880,1.727,40.499
POLY -6.248 -6.096,0.076,39.453 -7.125,0.076,34.576 -7.557,0.076,34.576 -7.557,0.076,39.453
POLY -6.248 0.533,0.076,9.735 -0.686,0.076,6.229 -0.838,0.076,9.735
POLY -6.248 -1.219,0.076,39.453 -6.096,0.076,39.834 -1.219,0.076,39.834
POLY -6.248 -1.219,0.076,5.690 -1.549,0.076,5.442 -1.334,0.076,10.192 -1.219,0.076,10.001
POLY -6.248 -1.334,0.076,10.192 -1.562,0.076,5.165 -1.745,0.046,4.891
POLY -6.248 5.905,0.149,40.977 5.829,0.149,41.319 5.905,0.149,41.281
POLY -6.248 -0.762,0.076,7.982 -1.219,0.076,8.115 -1.219,0.076,10.001 -0.838,0.076,9.735
POLY -6.248 23.165,1.065,28.785 24.285,1.071,28.323 23.641,1.625,26.049 21.279,1.626,26.956
POLY -6.248 23.643,0.925,29.248 20.508,1.854,26.208 21.426,0.925,29.755
POLY -6.248 19.658,0.076,18.183 21.222,0.076,18.345 19.766,0.094,17.968
POLY -6.248 18.618,0.009,16.239 20.955,0.009,15.678 18.618,0.009,14.930
POLY -6.248 18.256,0.009,16.326 19.067,0.009,16.596 19.804,0.009,16.694 21.138,0.009,16.069 20.955,0.009,15.678
POLY -6.248 20.100,0.089,17.223 19.761,0.089,17.392 19.761,0.089,17.967 21.222,0.089,18.345
POLY -6.248 1.003,2.743,41.675 1.003,2.743,39.821 -2.858,2.743,39.821 -2.858,2.743,41.675
POLY -6.248 5.829,0.149,41.358 5.677,0.149,41.586 5.905,0.149,41.281
POLY -6.248 5.677,0.220,41.586 6.096,-0.102,44.329 5.905,0.149,41.281
POLY -6.248 5.397,0.149,41.789 5.905,0.149,41.281 5.397,0.149,41.535
POLY -6.248 5.677,0.149,41.586 5.829,0.149,41.358 5.791,0.149,41.396
POLY -6.248 15.337,0.088,37.976 13.411,0.088,39.453 15.209,0.088,38.233
POLY -6.248 13.411,0.088,39.453 14.718,0.088,39.815 14.910,0.088,39.719 14.910,0.088,38.436
POLY -6.248 13.411,0.088,39.453 13.640,0.088,40.100 14.097,0.088,39.643
POLY -6.248 13.411,0.088,39.453 13.564,0.088,40.253 13.640,0.088,40.100
POLY -6.248 13.564,0.088,40.253 13.411,0.076,39.453 13.411,0.076,41.891
POLY -6.248 3.658,0.220,44.329 5.677,0.220,41.586 5.524,0.220,41.662
POLY -6.248 6.096,-0.047,44.329 5.677,0.154,41.586 3.658,0.305,44.329 3.658,0.180,46.768
POLY -6.248 21.983,0.009,17.920 22.384,0.009,17.688 21.356,0.009,16.488 19.819,0.009,17.400
POLY -6.248 21.814,0.009,17.879 20.422,0.009,17.545 21.647,0.009,18.158
POLY -6.248 20.422,0.089,17.545 21.616,0.070,18.740 21.673,-0.030,18.171
POLY -6.248 3.658,0.220,44.329 5.296,0.220,41.662 3.658,0.508,41.662
POLY -6.248 3.658,0.220,44.329 5.827,0.220,41.231 5.561,0.220,41.231
POLY -6.248 22.669,0.009,10.497 22.441,0.009,10.344 18.618,0.009,10.172 18.618,0.009,15.614
POLY -6.248 22.669,0.009,10.497 19.050,0.009,15.069 21.963,0.009,16.001 21.179,0.009,16.088
POLY -6.248 3.658,0.200,46.768 3.658,0.324,44.329 3.658,0.459,41.662 -6.096,2.845,41.662
POLY -6.248 23.165,0.076,19.945 22.174,0.076,23.031 22.631,0.076,23.031
POLY -6.248 21.279,0.076,33.528 21.393,0.076,33.985 23.406,0.076,33.767 23.406,0.076,32.930
POLY -6.248 23.321,1.067,29.321 23.165,1.067,28.785 21.831,1.067,29.089 21.696,1.067,29.631 21.995,1.067,29.706
POLY -6.248 -11.087,0.076,18.574 -11.508,0.076,18.671 -11.394,0.076,19.166 -10.973,0.076,19.069 -11.076,0.076,18.241
POLY -6.248 14.249,0.088,39.567 14.910,0.088,39.567 14.910,0.088,39.237
POLY -6.248 22.974,0.076,33.814 19.354,0.076,34.206 19.441,0.076,34.381
POLY -6.248 21.526,0.076,34.423 21.431,0.076,34.061 19.456,0.076,34.378 19.456,0.076,34.905
POLY -6.248 23.165,0.076,19.945 22.631,0.076,23.031 22.898,0.076,23.222
POLY -6.248 22.136,0.051,29.623 23.165,0.051,29.699 23.165,0.051,29.318
POLY -6.248 -11.111,0.076,19.316 -10.973,0.076,15.069 -11.296,0.076,19.039
POLY -6.248 21.292,0.076,18.447 23.165,0.076,19.945 21.559,0.076,18.447
POLY -6.248 23.165,0.076,19.945 22.898,0.076,23.222 23.165,0.076,24.098
POLY -6.248 19.888,0.076,34.804 23.603,0.076,34.804 23.637,0.076,34.596 23.591,0.076,33.943
POLY -6.248 -10.973,0.076,15.069 -12.573,0.076,16.821 -10.727,0.076,19.084 -11.277,0.076,18.809
POLY -6.248 23.165,0.076,18.421 22.327,0.076,18.726 22.133,0.076,18.340 21.685,0.076,18.564 23.165,0.076,19.945
POLY -6.248 13.551,1.321,40.900 14.059,1.321,40.900 14.732,1.321,39.554 14.120,1.321,39.554 13.551,1.321,40.123
POLY -6.248 13.804,1.321,41.410 14.145,1.321,41.675 14.910,1.321,41.675 14.910,1.321,39.199
POLY -6.248 23.679,0.178,22.022 23.774,0.202,24.822 24.625,0.411,24.822 24.625,0.410,19.945 24.194,0.304,19.945
POLY -6.248 24.194,0.315,19.945 23.638,0.191,18.218 23.165,0.084,17.902 23.165,0.075,24.098
POLY -6.248 -12.078,0.076,18.002 -12.464,0.076,18.195 -12.182,0.076,18.758 -11.058,0.076,18.678 -12.573,0.076,16.821
POLY -6.248 19.380,0.076,34.881 23.711,0.076,34.881 23.864,0.076,34.804 19.227,0.076,34.804
POLY -6.248 24.194,0.305,24.822 23.355,0.102,24.822 23.755,0.102,26.384
POLY -6.248 22.802,0.076,17.875 22.082,0.076,18.370 22.327,0.076,18.726 23.613,0.076,18.259 23.229,0.076,17.875
POLY -6.248 22.898,0.076,35.541 23.228,0.076,34.881 19.863,0.076,34.881 20.193,0.076,35.541
POLY -6.248 -2.845,3.886,41.675 -2.845,3.886,39.821 -7.557,3.886,39.821 -7.557,3.886,41.675
POLY -6.248 21.355,0.009,16.487 22.098,0.009,17.355 21.603,0.009,16.178
POLY -6.248 13.411,-0.152,44.329 13.716,0.076,41.319 13.564,0.152,41.091
POLY -6.248 13.411,-0.152,44.329 13.564,0.152,41.091 13.411,0.076,41.891
POLY -6.248 23.165,1.067,28.785 23.293,1.067,29.328 24.244,1.067,29.105 24.244,1.067,28.340
POLY -6.248 23.312,0.009,17.151 21.468,0.009,16.340 21.592,0.009,16.154 22.267,0.009,17.756
POLY -6.248 24.003,0.254,29.127 23.165,0.049,29.318 23.165,0.052,29.699 24.079,0.305,32.747
POLY -6.248 23.165,0.009,15.069 21.298,0.009,15.640 21.298,0.009,16.072 21.488,0.009,16.072 21.488,0.009,15.640
POLY -6.248 22.669,0.009,10.497 21.298,0.009,15.640 23.165,0.009,15.069
POLY -6.248 13.411,0.076,44.329 14.249,0.076,41.662 13.716,0.076,41.319
POLY -6.248 -6.096,0.076,10.192 -8.268,0.076,10.554 -8.268,0.076,11.106
POLY -6.248 -8.393,0.220,8.525 -6.096,0.220,10.192 -8.303,0.220,8.345
POLY -6.248 -1.355,0.051,5.450 -1.252,0.051,5.655 -6.096,0.051,5.315 -6.096,0.051,10.192
POLY -6.248 -8.684,0.293,8.693 -6.096,0.051,10.192 -8.412,0.253,8.512
POLY -6.248 -8.268,0.076,8.934 -8.268,0.076,10.554 -6.096,0.076,10.192
POLY -6.248 -6.096,0.058,10.192 -6.096,0.019,5.315 -7.201,0.112,6.763 -7.963,0.184,8.630
POLY -6.248 23.165,0.203,29.699 23.295,0.203,33.179 24.209,0.203,33.179
POLY -6.248 -6.096,0.076,39.834 -6.096,0.076,39.453 -7.557,0.076,39.453 -7.557,0.076,39.834
POLY -6.248 24.625,0.514,24.827 24.194,0.305,24.822 23.755,0.102,26.384 24.155,0.305,27.946 24.587,0.514,27.952
POLY -6.248 23.246,0.009,17.122 23.330,0.009,17.038 23.330,0.009,16.679 21.869,0.009,16.516
POLY -6.248 23.386,0.009,16.620 21.438,0.009,15.948 21.438,0.009,16.468 23.355,0.009,16.681
POLY -6.248 23.165,0.009,15.069 20.973,0.009,15.816 21.477,0.009,16.152 21.717,0.009,15.792 23.165,0.009,16.326
POLY -6.248 -11.864,0.076,18.512 -12.573,0.076,16.821 -12.996,0.076,16.909 -12.714,0.076,18.269
POLY -6.248 23.638,0.009,16.500 21.125,0.009,15.574 21.286,0.009,15.896 23.457,0.009,16.645
POLY -6.248 6.096,0.076,44.329 13.411,0.076,44.329 13.411,0.076,41.891
POLY -6.248 24.671,0.305,28.720 24.625,0.305,24.817 24.194,0.305,24.822 24.155,0.305,27.946
POLY -6.248 -10.592,0.076,12.249 -10.973,0.076,15.069 -8.268,0.076,11.106
POLY -6.248 -10.973,0.076,15.069 -10.522,0.076,11.731 -10.702,0.076,11.822
POLY -6.248 -10.973,0.076,15.069 -13.043,0.076,15.069 -13.043,0.076,15.488 -12.611,0.076,15.488 -12.573,0.076,16.821
POLY -6.248 -10.973,0.076,15.069 -13.676,0.076,11.593 -13.193,0.076,14.296
POLY -6.248 -10.973,0.305,15.069 -13.195,0.562,14.295 -13.050,0.305,15.069
POLY -6.248 -10.973,0.076,15.069 -10.708,0.076,11.894 -10.973,0.076,11.894 -13.442,0.076,11.894
POLY -6.248 14.385,0.076,41.231 13.411,0.076,44.329 16.815,0.076,44.329 16.815,0.076,41.231
POLY -6.248 24.003,0.254,29.127 24.782,0.384,30.589 24.685,0.384,28.543
POLY -6.248 24.003,0.254,29.127 24.079,0.305,32.747 24.308,0.305,29.699
POLY -6.248 -11.364,0.076,12.629 -8.268,0.076,11.106 -11.161,0.076,12.324
POLY -6.248 -10.871,0.076,10.988 -10.871,0.076,12.202 -8.268,0.076,11.106 -8.268,0.076,10.554
POLY -6.248 23.712,0.233,18.447 24.194,0.305,19.945 24.625,0.369,19.945 24.625,0.369,18.447
POLY -6.248 8.534,0.076,49.206 8.534,0.076,46.768 6.096,0.076,44.329 6.096,0.076,49.206
POLY -6.248 8.534,0.076,46.768 16.815,0.076,46.768 16.815,0.076,44.329 6.096,0.076,44.329
POLY -6.248 3.658,0.472,49.206 6.096,0.120,49.206 6.096,-0.145,44.329 3.658,0.340,46.768
POLY -6.248 -1.294,0.105,6.475 1.448,0.105,5.315 -0.114,0.105,5.772 -1.168,0.105,6.299
POLY -6.248 -13.195,0.076,15.951 -12.996,0.076,16.909 -12.573,0.076,16.821 -12.630,0.076,14.820 -13.195,0.076,15.527
POLY -6.248 24.025,0.305,33.291 24.816,0.305,33.042 24.739,0.305,29.689 24.308,0.305,29.699 24.213,0.305,33.574
POLY -6.248 24.220,0.305,33.300 24.308,0.305,29.699 24.044,0.305,33.212
POLY -6.248 24.033,0.305,33.646 24.892,0.305,33.568 24.739,0.305,29.682 24.308,0.305,29.699 24.384,0.305,33.052 23.957,0.305,33.113
POLY -6.248 -8.268,0.076,8.503 -8.625,0.076,8.503 -8.420,0.076,10.192 -8.268,0.076,10.554
POLY -6.248 -10.439,0.076,10.916 -8.268,0.076,10.554 -8.420,0.076,10.192
POLY -6.248 23.165,0.009,15.069 23.165,0.009,16.768 24.473,0.009,16.483 24.473,0.009,15.069
POLY -6.248 -0.680,0.105,5.938 1.448,0.105,5.315 -0.576,0.105,5.730
POLY -6.248 -0.038,0.105,5.620 1.880,0.105,5.226 1.880,0.105,-7.580 -0.038,0.105,-7.334
POLY -6.248 -1.524,0.076,6.001 -1.105,-0.004,5.896 -1.184,-0.057,5.582 -1.437,-0.055,5.413 -1.676,0.051,5.772
POLY -6.248 -11.184,0.076,8.503 -8.420,0.076,10.192 -8.625,0.076,8.503
POLY -6.248 -10.478,0.076,8.934 -10.638,0.076,11.396 -10.858,0.076,11.066 -8.420,0.076,10.192
POLY -6.248 18.618,0.009,7.130 18.618,0.009,10.340 21.374,0.009,9.392 21.374,0.009,7.220
POLY -6.248 22.847,0.009,10.192 19.050,0.009,10.192 22.935,0.009,10.366
POLY -6.248 21.786,0.009,9.250 19.050,0.009,10.192 21.876,0.009,9.429
POLY -6.248 22.365,0.009,10.192 21.679,0.009,9.696 21.918,0.009,9.337 22.004,0.009,9.395 19.050,0.009,10.192
POLY -6.248 3.658,0.266,46.768 -6.096,2.788,41.662 -8.611,3.272,41.815 -8.534,2.971,44.329
POLY -6.248 22.669,0.009,10.497 23.165,0.009,15.069 23.165,0.009,10.497
POLY -6.248 24.473,0.009,15.069 24.473,0.009,10.440 23.165,0.009,10.497 23.165,0.009,15.069
POLY -6.248 -6.096,0.051,5.315 -1.321,0.051,5.650 -1.321,0.107,5.315
POLY -6.248 -0.025,0.914,4.972 -1.426,0.914,4.972 -0.025,0.914,5.906
POLY -6.248 -0.025,0.914,5.404 -0.025,0.914,0.438 -0.533,0.914,0.438 -0.744,0.914,5.407 -0.750,0.914,5.404
POLY -6.248 -1.753,-0.305,2.877 -6.096,0.051,5.315 -1.753,0.102,5.315
POLY -6.248 -0.702,0.914,4.417 -1.651,0.914,5.366 -0.742,0.914,5.366
POLY -6.248 24.958,0.305,34.017 24.811,0.305,32.991 23.952,0.305,33.052 23.952,0.305,34.017
POLY -6.248 -0.533,0.914,0.438 -0.025,0.914,0.438 -0.025,0.914,-4.343 -1.765,0.914,-4.343 -1.765,0.914,4.972 -1.257,0.914,4.972
POLY -6.248 -0.533,0.914,0.438 -1.257,0.914,4.972 -0.702,0.914,4.417
POLY -6.248 -7.963,0.305,8.325 -7.067,0.006,6.366 -7.291,0.006,6.478
POLY -6.248 -8.395,0.497,8.325 -7.963,0.305,8.325 -7.349,0.032,6.636 -8.395,0.497,6.636
POLY -6.248 -7.963,0.305,8.325 -7.201,0.051,6.763 -7.560,0.171,6.523 -7.713,0.221,6.752 -7.353,0.102,6.991
POLY -6.248 -10.443,0.076,11.169 -10.744,0.076,10.192 -11.176,0.076,10.192 -11.176,0.076,10.986
POLY -6.248 -10.478,0.076,8.934 -10.896,0.076,8.830 -10.935,0.076,8.982 -10.516,0.076,9.087 -10.744,0.076,10.192 -10.592,0.076,10.687
POLY -6.248 -11.176,0.076,10.192 -10.744,0.076,10.192 -10.404,0.076,8.548 -11.176,0.076,8.934
POLY -6.248 3.658,0.254,46.768 -8.534,2.997,44.329 -6.096,2.540,46.768
POLY -6.248 -6.096,0.051,5.315 -7.633,0.051,5.315 -7.633,0.051,7.329
POLY -6.248 3.658,0.571,49.206 3.658,0.241,46.768 -1.219,1.435,46.768 -1.219,1.765,49.206
POLY -6.248 -10.973,3.035,44.329 -8.534,2.959,44.329 -8.624,3.288,41.383 -10.973,3.361,41.383
POLY -6.248 16.815,0.076,50.345 16.815,0.076,49.206 16.815,0.076,46.768 8.534,0.076,46.768
POLY -6.248 16.383,0.076,50.590 16.383,0.076,50.159 8.534,0.076,46.768 8.534,0.076,49.206 9.420,0.076,50.590
POLY -6.248 21.081,0.009,9.265 22.796,0.009,10.504 22.796,0.009,9.265
POLY -6.248 18.941,0.009,6.726 19.050,0.009,7.144 21.905,0.009,7.237 21.762,0.009,7.023 19.926,0.009,6.915 19.817,0.009,6.497
POLY -6.248 -1.753,-0.305,2.877 -6.096,-1.101,0.438 -6.096,-0.542,2.877 -6.096,0.017,5.315
POLY -6.248 -6.096,-0.610,2.877 -7.201,0.051,5.315 -6.096,0.051,5.315
POLY -6.248 -1.219,1.778,49.206 -1.219,1.422,46.768 -6.096,2.540,46.768 -6.096,2.896,49.206
POLY -6.248 -1.753,-2.743,-6.877 -3.924,-1.168,0.438 -1.753,-0.305,2.877
POLY -6.248 -3.924,-1.168,0.438 -6.096,-1.067,0.438 -1.753,-0.305,2.877
POLY -6.248 19.573,0.009,6.667 19.417,0.009,6.885 21.653,0.009,7.017 21.653,0.009,6.595
POLY -6.248 -6.096,-0.588,2.877 -6.096,-1.089,0.438 -7.633,-0.325,3.353 -7.633,0.274,6.268
POLY -6.248 22.634,2.896,10.536 23.163,2.896,10.712 23.165,2.896,10.711 23.165,2.896,8.592
POLY -6.248 22.660,2.896,10.443 23.376,2.896,7.816 22.986,2.896,7.107 21.322,2.896,8.058
POLY -6.248 21.222,0.009,6.610 19.685,0.009,6.239 19.685,0.009,6.663
POLY -6.248 24.165,2.896,9.242 23.165,2.896,7.626 23.165,2.896,10.814 23.737,2.896,10.528
POLY -6.248 21.669,0.009,6.718 21.520,0.009,6.941 20.761,0.009,5.422 19.534,0.009,6.203
POLY -6.248 -10.973,2.997,44.329 -10.973,3.414,41.383 -12.644,3.409,41.383
POLY -6.248 22.098,2.032,7.639 22.098,2.032,7.131 21.361,2.032,7.131 21.361,2.032,7.885
POLY -6.248 -8.534,2.997,44.329 -10.973,2.997,44.329 -10.973,2.997,46.768
POLY -6.248 -6.096,2.794,49.206 -6.096,2.642,46.768 -8.534,2.946,44.329 -8.534,3.251,49.206
POLY -6.248 -10.973,3.324,49.206 -8.534,2.997,44.329 -10.973,2.997,46.768
POLY -6.248 -10.973,3.200,49.206 -8.573,3.200,50.387 -8.534,3.200,49.206 -8.534,3.200,44.329
POLY -6.248 22.555,2.032,7.334 23.012,2.032,6.953 22.765,2.032,6.600 21.972,2.032,7.155 21.793,2.032,7.334 22.098,2.032,7.639
POLY -6.248 22.098,2.032,7.639 22.250,2.032,7.487 22.057,2.032,7.100 22.098,2.032,7.080
POLY -6.248 20.955,0.009,5.810 21.498,0.009,6.896 22.041,0.009,6.413
POLY -6.248 6.096,0.076,49.206 3.658,0.559,49.206 3.658,0.559,54.083 6.096,0.076,54.083
POLY -6.248 6.096,0.076,49.206 6.096,0.076,54.083 8.534,0.076,54.083 8.534,0.076,49.206
POLY -6.248 3.658,0.478,54.083 3.658,0.599,49.206 -1.219,1.737,49.206 1.219,1.046,54.083
POLY -6.248 18.898,0.009,-1.314 18.440,0.009,4.210 21.450,0.009,4.210 23.165,0.009,0.438
POLY -6.248 18.971,0.009,-2.203 18.386,0.009,-1.325 18.745,0.009,-1.086 18.440,0.009,0.438 18.009,0.009,0.438 18.009,0.009,4.210 18.440,0.009,4.210
POLY -6.248 8.534,0.076,49.206 8.839,0.076,50.730 9.271,0.076,50.730 9.271,0.076,50.463 8.839,0.076,50.463
POLY -6.248 8.877,0.076,54.083 8.839,0.076,50.730 8.534,0.076,49.206
POLY -6.248 9.144,0.076,50.159 8.534,0.076,49.206 8.992,0.076,50.235
POLY -6.248 8.534,0.076,49.206 8.839,0.076,50.463 8.992,0.076,50.235
POLY -6.248 8.877,0.076,54.083 8.534,0.076,49.206 8.534,0.076,54.312
POLY -6.248 24.473,2.032,9.586 24.473,2.032,6.841 23.317,2.032,7.753 23.813,2.032,8.706
POLY -6.248 21.080,0.009,5.225 20.523,0.009,5.570 22.081,0.009,6.436 23.601,0.009,5.561
POLY -6.248 23.147,2.032,6.279 21.881,2.032,7.334 22.936,2.032,7.334
POLY -6.248 -12.421,3.231,41.777 -10.973,2.997,46.768 -10.973,2.997,44.329
POLY -6.248 -12.421,3.231,41.777 -15.850,3.231,44.329 -15.850,3.231,46.768 -10.973,3.231,46.768
POLY -6.248 -11.902,3.231,41.390 -13.658,3.231,41.231 -15.850,3.231,41.231 -15.850,3.231,44.329
POLY -6.248 20.428,0.009,5.049 19.431,0.009,4.286 19.115,0.009,4.581 19.777,0.009,5.290 20.307,0.009,5.290
POLY -6.248 22.757,2.032,7.629 22.695,2.032,7.442 23.317,2.032,7.753 24.041,2.032,7.182
POLY -6.248 22.076,0.009,4.166 19.431,0.009,4.286 20.453,0.009,5.068
POLY -6.248 21.107,0.009,4.210 18.313,0.009,4.210 18.546,0.009,4.326
POLY -6.248 23.165,2.032,6.546 23.097,2.032,6.529 22.936,2.032,7.334 23.165,2.032,7.487
POLY -6.248 23.165,2.032,7.487 24.823,2.032,6.910 23.165,2.032,6.549
POLY -6.248 36.386,0.282,12.630 29.530,0.282,19.729 36.386,0.282,19.729
POLY -6.248 36.386,0.282,12.630 32.918,0.282,12.630 29.515,0.282,12.630 29.515,0.282,19.745
POLY -6.248 -1.219,1.767,49.206 -6.096,2.935,49.206 -5.067,2.631,50.425 -2.553,1.981,51.454
POLY -6.248 1.219,0.965,54.083 -1.219,1.778,49.206 -2.248,1.986,51.759 -2.680,2.104,51.759 -2.680,2.103,51.812
POLY -6.248 -2.443,2.020,52.244 -1.219,1.778,49.206 -2.625,1.980,51.972
POLY -6.248 -2.596,1.947,51.915 -1.219,1.947,49.206 -2.774,1.947,51.826
POLY -6.248 23.362,0.009,5.391 21.415,0.009,5.043 21.289,0.009,5.253 23.329,0.009,5.525
POLY -6.248 -7.633,-0.360,3.353 -6.096,-1.067,0.438 -7.633,-0.502,2.929
POLY -6.248 -19.228,3.810,29.699 -19.228,4.104,29.039 -19.054,4.104,29.039 -20.155,3.810,29.699
POLY -6.248 -19.228,3.810,30.512 -19.228,3.810,29.699 -20.663,3.810,29.699 -20.663,3.810,30.512
POLY -6.248 21.438,0.009,5.047 23.368,0.009,5.392 23.368,0.009,5.279 21.438,0.009,4.589
POLY -6.248 -20.663,3.675,29.737 -20.663,3.675,30.004 -19.774,3.912,29.470
POLY -6.248 -7.887,-1.007,0.438 -7.201,-0.592,2.229 -6.096,-1.118,0.438 -6.096,-2.363,-4.439
POLY -6.248 -20.231,3.556,29.585 -19.632,3.556,28.886 -20.514,3.556,28.886 -21.149,3.556,29.309
POLY -6.248 -20.396,3.962,32.531 -19.228,3.962,32.531 -19.228,3.962,30.067 -20.396,3.962,30.067
POLY -6.248 23.603,0.009,4.955 21.108,0.009,4.187 21.282,0.009,4.534 23.362,0.009,5.276
POLY -6.248 -6.096,-1.080,0.438 -3.924,-1.156,0.438 -3.924,-2.451,-4.439 -6.096,-2.375,-4.439
POLY -6.248 -1.753,-2.699,-6.877 -2.553,-2.813,-6.877 -3.924,-2.400,-4.439 -3.924,-1.181,0.438
POLY -6.248 -7.155,-0.547,2.582 -7.887,-0.965,0.438 -7.364,-0.547,2.478
POLY -6.248 10.109,1.118,50.146 8.839,1.118,50.146 8.839,1.118,54.743 10.109,1.118,54.743
POLY -6.248 20.630,0.009,4.182 21.439,0.009,4.722 21.679,0.009,4.362 23.632,0.009,4.963 24.289,0.009,4.306
POLY -6.248 21.450,0.009,4.210 23.698,0.009,4.286 23.165,0.009,0.438
POLY -6.248 -20.231,3.556,30.550 -20.231,3.556,29.585 -20.612,3.556,29.470 -20.972,3.556,30.550
POLY -6.248 -7.395,-0.572,2.356 -7.887,-0.965,0.438 -8.319,-0.965,0.438 -8.319,-0.572,2.356
POLY -6.248 -20.079,3.231,32.518 -19.359,3.231,32.788 -19.179,3.231,32.518
POLY -6.248 -20.498,3.231,30.499 -20.384,3.231,30.690 -20.307,3.231,30.575
POLY -6.248 -20.079,3.231,32.518 -19.774,3.231,33.433 -19.342,3.231,33.433 -19.342,3.231,32.795
POLY -6.248 -20.384,3.231,30.690 -20.726,3.231,34.576 -20.384,3.231,32.214
POLY -6.248 -20.384,3.231,30.690 -20.498,3.231,30.499 -20.650,3.231,30.270 -20.726,3.231,34.576
POLY -6.248 -20.650,3.556,29.585 -20.468,3.556,29.039 -21.014,3.556,29.039
POLY -6.248 -20.650,3.231,30.270 -20.650,3.231,29.699 -20.726,3.231,29.699 -23.546,3.231,31.833
POLY -6.248 -22.098,3.584,29.039 -22.098,3.231,29.699 -20.726,3.556,29.470 -20.726,3.787,29.039
POLY -6.248 -22.174,3.231,30.613 -20.726,3.231,29.699 -22.098,3.231,30.461
POLY -6.248 -22.530,3.231,30.701 -20.726,3.231,29.699 -22.530,3.231,29.699
POLY -6.248 -23.546,3.231,31.833 -20.726,3.231,29.699 -22.174,3.231,30.613
POLY -6.248 -20.307,3.231,32.366 -19.774,3.231,33.738 -19.342,3.231,33.738 -19.342,3.231,33.433 -19.774,3.231,33.433 -20.079,3.231,32.518
POLY -6.248 -20.650,3.231,30.270 -21.603,3.231,34.842 -20.726,3.231,34.576
POLY -6.248 -20.650,3.231,30.270 -23.546,3.231,31.833 -25.603,3.231,34.576 -21.603,3.231,34.842
POLY -6.248 -20.726,3.231,34.576 -20.726,3.231,34.842 -19.228,3.231,34.842 -19.228,3.231,33.612
POLY -6.248 -20.726,3.231,34.576 -19.295,3.231,33.656 -19.449,3.231,33.451
POLY -6.248 -20.384,3.231,32.214 -20.726,3.231,34.576 -19.774,3.231,33.738 -20.307,3.231,32.366
POLY -6.248 -5.260,2.553,50.812 -5.067,2.692,50.425 -6.096,2.896,49.206 -4.620,2.553,51.132
POLY -6.248 -6.096,2.896,49.206 -6.096,2.896,50.781 -4.889,2.616,50.781
POLY -6.248 -8.534,3.199,49.206 -8.573,3.202,50.387 -6.096,2.894,50.349 -6.096,2.897,49.206
POLY -6.248 -17.310,3.353,43.015 -15.383,3.353,41.231 -17.310,3.353,41.231
POLY -6.248 -15.850,3.354,41.662 -17.310,3.341,43.015 -17.310,3.420,42.328 -15.850,3.047,44.329
POLY -6.248 -19.228,4.877,37.395 -19.228,4.307,34.830 -21.920,4.307,34.830 -21.920,4.877,37.395
POLY -6.248 -10.973,3.311,49.206 -10.973,3.010,46.768 -15.850,3.035,46.768 -15.850,3.337,49.206
POLY -6.248 29.515,0.282,9.619 29.515,0.282,12.630 32.918,0.282,12.630
POLY -6.248 23.931,0.009,4.653 23.165,0.009,0.438 23.761,0.009,4.738
POLY -6.248 18.009,0.009,0.438 18.440,0.009,0.438 18.839,0.009,-1.554 18.009,0.009,-1.347
POLY -6.248 -8.319,-0.921,0.438 -7.887,-0.965,0.438 -7.331,-1.934,-3.537 -8.319,-1.833,-3.537
POLY -6.248 -7.887,-0.965,0.438 -6.096,-2.388,-4.439 -7.239,-1.880,-3.181
POLY -6.248 -7.887,-0.965,0.438 -7.144,-2.014,-3.712 -7.319,-1.955,-3.624
POLY -6.248 25.489,0.085,3.867 23.851,0.085,4.210 23.851,0.085,4.642 25.317,0.085,4.642
POLY -6.248 23.851,0.009,4.210 25.794,0.009,3.562 25.946,0.009,3.486 28.042,0.009,0.438
POLY -6.248 25.794,0.009,3.562 23.851,0.085,4.210 25.489,0.085,3.867
POLY -6.248 23.851,0.009,4.210 23.317,0.009,-2.305 23.165,0.009,0.438
POLY -6.248 23.851,0.009,4.210 28.042,0.009,0.438 28.308,0.009,-2.305 23.317,0.009,-2.305
POLY -6.248 -2.553,1.947,51.454 -5.781,2.904,50.133 -5.585,2.839,50.427
POLY -6.248 -2.858,2.134,51.886 -2.858,2.134,51.454 -5.347,2.748,50.486 -5.347,2.748,51.886
POLY -6.248 -21.603,3.231,34.842 -20.726,3.231,34.842 -20.726,3.231,34.576
POLY -6.248 -22.174,3.231,30.613 -22.403,3.231,30.766 -23.393,3.231,31.604
POLY -6.248 -23.905,3.231,31.593 -23.546,3.231,31.833 -22.174,3.231,30.613 -23.393,3.231,31.604 -23.753,3.231,31.364
POLY -6.248 1.219,0.965,54.083 -2.680,2.108,51.812 -2.680,1.993,54.083
POLY -6.248 -19.228,4.877,39.453 -19.228,4.877,37.395 -21.920,4.877,37.395 -21.920,4.877,39.453
POLY -6.248 -23.825,3.231,31.969 -22.403,3.231,30.766 -23.825,3.231,30.766
POLY -6.248 -23.825,4.928,30.131 -22.085,4.928,30.131 -22.085,4.928,29.039 -23.825,4.928,29.039
POLY -6.248 -23.825,4.470,30.778 -22.085,4.470,30.778 -22.085,4.470,30.118 -23.825,4.470,30.118
POLY -6.248 29.585,0.282,9.681 32.918,0.282,12.630 29.798,0.282,9.596
POLY -6.248 -17.262,3.308,42.722 -15.850,3.048,44.329 -17.165,3.373,42.527
POLY -6.248 -25.603,3.231,34.576 -21.755,3.231,34.919 -21.603,3.231,34.842
POLY -6.248 -17.530,3.278,42.937 -15.850,3.048,44.329 -17.242,3.304,42.745
POLY -6.248 -15.850,3.231,44.329 -17.704,3.231,42.793 -18.819,3.231,42.793 -20.726,3.231,44.329
POLY -6.248 -15.850,3.231,44.329 -20.726,3.231,44.329 -20.441,3.231,46.730 -15.850,3.231,46.768
POLY -6.248 32.918,0.282,12.630 32.918,0.282,10.192 30.137,0.282,9.925
POLY -6.248 32.918,0.282,10.192 29.828,0.282,9.610 29.649,0.282,9.878
POLY -6.248 -8.877,3.353,50.362 -8.889,3.353,51.809 -6.102,3.353,51.886 -5.906,3.353,51.886 -4.890,3.353,51.454 -4.890,3.353,51.378 -5.906,3.353,50.362
POLY -6.248 -25.603,3.231,34.576 -21.907,3.231,35.147 -21.755,3.231,34.919
POLY -6.248 -9.601,3.324,51.454 -9.601,3.195,51.886 -6.096,3.224,51.886 -6.084,3.482,51.022 -8.865,3.482,50.946 -8.877,3.353,51.378
POLY -6.248 26.319,1.270,4.642 25.891,1.270,3.358 25.479,1.270,3.852 25.908,1.270,4.642
POLY -6.248 32.918,0.282,5.315 29.858,0.282,6.912 29.858,0.282,9.615 32.918,0.282,10.192
POLY -6.248 6.096,0.076,54.083 3.658,0.559,54.083 3.658,0.508,54.312
POLY -6.248 6.096,0.076,54.083 8.534,0.076,54.312 8.534,0.076,54.083
POLY -6.248 -28.632,3.231,37.014 -21.907,3.231,39.453 -21.907,3.231,35.147 -25.603,3.231,34.576
POLY -6.248 -19.337,4.143,41.104 -19.227,4.877,39.453 -21.920,4.877,39.453 -21.920,4.143,41.104
POLY -6.248 3.658,0.559,54.083 1.219,0.965,54.083 3.658,0.508,54.312
POLY -6.248 26.064,1.270,4.637 26.937,1.270,3.473 25.929,1.270,3.473 26.368,1.270,4.789
POLY -6.248 27.216,1.270,4.172 26.708,1.270,4.172 26.565,1.270,5.099 27.216,1.270,5.099
POLY -6.248 27.298,1.270,4.014 26.902,1.270,3.520 26.060,1.270,4.643 26.295,1.270,4.937 27.184,1.270,4.752
POLY -6.248 -8.423,3.324,50.643 -10.973,3.324,49.206 -8.609,3.324,50.736
POLY -6.248 23.165,0.009,0.438 18.466,0.009,-4.932 18.466,0.009,-1.492
POLY -6.248 7.887,0.076,54.743 8.877,0.076,54.743 8.877,0.076,54.083
POLY -6.248 -9.030,3.324,50.463 -10.973,3.324,49.206 -13.945,3.324,51.454
POLY -6.248 -10.973,3.324,49.206 -15.850,3.324,49.206 -13.945,3.324,51.454
POLY -6.248 -2.680,1.983,54.066 -2.680,1.895,54.743 1.219,0.981,54.743 3.658,0.410,54.743 3.658,0.466,54.312
POLY -6.248 -8.601,3.324,50.599 -8.430,3.324,50.343 -13.945,3.324,51.454
POLY -6.248 28.042,0.102,0.438 25.946,0.009,3.486 26.175,0.102,3.486
POLY -6.248 -0.025,0.914,-4.343 -0.025,0.914,-14.091 -1.765,0.914,-14.091 -1.765,0.914,-4.343
POLY -6.248 28.600,0.102,5.099 27.203,0.102,4.020 27.203,0.102,5.099
POLY -6.248 -14.500,3.324,51.659 -9.182,3.324,50.692 -14.676,3.324,51.571
POLY -6.248 -13.792,3.324,51.530 -10.973,3.324,51.759 -9.182,3.324,50.692
POLY -6.248 -9.601,3.324,51.454 -8.750,3.324,50.681 -8.750,3.324,50.435 -10.973,3.324,51.759
POLY -6.248 -25.603,3.231,34.576 -22.966,3.231,31.060 -23.162,3.231,31.158
POLY -6.248 28.042,0.102,0.438 26.175,0.102,3.486 26.708,0.102,3.486
POLY -6.248 -20.726,3.327,42.710 -19.226,3.327,43.005 -19.265,3.327,41.145 -20.726,3.327,41.091
POLY -6.248 -24.983,3.231,31.477 -25.603,3.231,34.576 -23.390,3.231,31.477
POLY -6.248 -9.601,3.324,51.454 -8.714,3.324,51.044 -8.850,3.324,50.771
POLY -6.248 36.386,0.282,10.192 32.918,0.282,10.192 32.918,0.282,12.630 36.386,0.282,12.630
POLY -6.248 27.013,0.102,3.715 27.203,0.102,4.020 28.600,0.102,5.099 28.840,0.102,5.099
POLY -6.248 28.042,0.102,0.438 26.708,0.102,3.486 27.013,0.102,3.715
POLY -6.248 22.784,0.009,-2.915 23.165,0.009,0.438 23.165,0.009,-2.381 23.012,0.009,-2.610
POLY -6.248 23.165,0.009,0.438 22.784,0.009,-2.915 22.631,0.009,-3.143 18.898,0.009,-4.439
POLY -6.248 23.165,0.009,0.438 23.317,0.009,-2.305 23.165,0.009,-2.381
POLY -6.248 -9.601,3.324,51.454 -9.556,3.374,51.883 -8.832,3.403,51.807 -8.638,3.325,51.019 -8.646,3.324,51.013
POLY -6.248 27.013,0.102,3.715 28.270,0.102,4.667 28.042,0.102,0.438
POLY -6.248 28.467,-0.002,5.249 28.042,0.102,0.438 28.297,0.102,5.163
POLY -6.248 -20.155,3.353,49.130 -15.850,3.048,46.768 -20.441,3.048,46.730
POLY -6.248 -20.615,3.365,49.383 -20.968,3.347,49.206 -15.850,3.323,49.206 -15.850,3.049,46.768
POLY -6.248 30.670,0.282,5.029 27.723,-0.076,4.655 28.472,0.282,5.404
POLY -6.248 36.957,0.009,4.401 28.423,0.055,4.743 30.670,0.191,5.029 32.918,0.327,5.315
POLY -6.248 36.957,0.009,4.401 28.461,0.009,-2.381 28.042,0.009,0.438 28.423,0.009,4.743
POLY -6.248 -9.408,3.324,51.840 -9.601,3.324,51.454 -10.973,3.324,51.759 -9.754,3.324,51.530 -9.560,3.324,51.916
POLY -6.248 32.918,0.282,5.315 30.670,0.282,5.029 28.472,0.282,5.404 29.792,0.282,6.724
POLY -6.248 -7.598,-2.073,-3.421 -7.239,-1.880,-3.181 -6.096,-2.388,-4.439 -7.087,-1.981,-3.410 -7.446,-2.174,-3.649
POLY -6.248 -6.096,-2.451,-4.439 -3.924,-2.375,-4.439 -2.553,-2.782,-6.877 -6.096,-2.907,-6.877
POLY -6.248 -9.087,3.324,51.405 -10.973,3.324,51.759 -10.973,3.324,52.191 -9.742,3.324,52.191
POLY -6.248 -21.165,3.327,42.710 -20.726,3.327,42.710 -20.726,3.327,41.091 -21.603,3.327,41.091
POLY -6.248 -6.096,-2.388,-4.439 -7.518,-2.242,-4.439 -7.518,-1.804,-2.962
POLY -6.248 29.907,0.282,6.886 32.918,0.282,5.315 29.819,0.282,6.712
POLY -6.248 -19.179,3.241,42.830 -20.726,3.048,44.329 -18.985,3.280,42.927
POLY -6.248 -19.384,3.399,42.555 -20.726,3.048,44.329 -19.192,3.240,42.843
POLY -6.248 -20.726,3.048,44.329 -19.660,3.325,42.920 -20.726,3.334,42.710 -21.165,3.322,42.710
POLY -6.248 -25.603,3.231,39.453 -21.907,3.231,40.786 -21.907,3.231,39.453
POLY -6.248 -28.632,3.231,39.453 -21.907,3.231,39.453 -28.632,3.231,37.014
POLY -6.248 32.918,0.282,5.315 32.918,0.282,10.192 36.386,0.282,10.192 36.386,0.282,5.315
POLY -6.248 -25.603,3.231,34.576 -24.982,3.231,31.470 -25.159,3.231,31.381
POLY -6.248 -24.676,3.231,31.814 -25.210,3.231,31.172 -25.603,3.231,31.172 -25.603,3.231,31.604 -26.327,3.231,31.871
POLY -6.248 -25.222,3.231,31.833 -27.148,3.231,31.899 -26.711,3.231,31.607 -25.603,3.231,34.576
POLY -6.248 -6.096,-2.388,-4.439 -6.096,-2.946,-6.877 -7.518,-2.801,-6.877 -7.518,-2.242,-4.439
POLY -6.248 -21.165,3.327,42.710 -21.603,3.327,41.091 -21.279,3.327,42.634
POLY -6.248 -21.831,3.327,40.938 -21.279,3.327,42.634 -21.603,3.327,41.091
POLY -6.248 -10.973,3.324,52.191 -10.973,3.324,51.759 -14.395,3.324,51.481 -13.804,3.324,52.191
POLY -6.248 -25.055,3.161,43.804 -25.603,3.108,44.329 -20.726,3.038,44.329 -21.317,3.251,42.558
POLY -6.248 -25.603,3.231,44.329 -21.907,3.231,40.786 -25.603,3.231,39.453 -30.480,3.231,39.453
POLY -6.248 -26.829,3.231,32.056 -25.603,3.231,31.604 -25.603,3.231,31.172 -26.577,3.231,31.172
POLY -6.248 -21.279,3.327,42.634 -20.726,3.048,44.329 -21.165,3.327,42.710
POLY -6.248 18.583,0.009,-4.959 18.488,0.009,-4.581 22.631,0.009,-3.143 22.631,0.009,-5.794
POLY -6.248 -29.032,0.214,22.346 -26.657,0.214,23.277 -26.657,0.214,20.530
POLY -6.248 -29.464,0.214,22.176 -29.464,0.214,22.033 -28.651,0.214,22.765 -27.089,0.214,23.108
POLY -6.248 -28.651,0.214,22.765 -26.440,0.214,23.347 -26.266,0.214,23.288
POLY -6.248 -20.350,3.324,49.463 -15.850,3.324,49.206 -20.521,3.324,49.206
POLY -6.248 -15.214,3.324,51.886 -15.850,3.324,49.206 -15.395,3.324,51.976
POLY -6.248 -15.850,3.324,49.206 -19.850,3.324,49.435 -19.279,3.324,51.759
POLY -6.248 -15.850,3.324,49.206 -19.859,3.324,52.191 -15.627,3.324,52.191
POLY -6.248 -15.376,3.324,52.094 -15.850,3.324,49.206 -15.613,3.324,52.378
POLY -6.248 -15.850,3.324,49.206 -15.214,3.324,51.886 -13.579,3.324,51.886
POLY -6.248 -28.651,0.214,22.765 -28.651,0.214,23.474 -28.582,0.214,23.548 -27.203,0.214,23.146
POLY -6.248 -26.533,0.214,22.950 -28.118,0.214,23.412 -28.118,0.214,23.844 -27.172,0.214,23.844
POLY -6.248 -25.603,3.231,34.576 -26.556,3.231,32.023 -27.927,3.231,32.023
POLY -6.248 -28.632,3.231,37.014 -25.603,3.231,34.576 -28.632,3.231,34.576
POLY -6.248 -27.927,3.231,32.023 -30.480,3.231,34.576 -25.603,3.231,34.576
POLY -6.248 2.066,0.105,-7.796 -0.038,0.105,-7.334 1.964,0.105,-7.591
POLY -6.248 -1.753,-3.054,-9.315 -3.353,-3.101,-9.315 -2.553,-2.755,-6.877 -1.753,-2.731,-6.877
POLY -6.248 2.306,0.105,-7.849 3.773,0.105,-9.315 -0.038,0.105,-9.315 -0.038,0.105,-7.334
POLY -6.248 -26.611,0.214,21.038 -26.857,0.214,19.857 -27.280,0.214,19.945 -27.046,0.214,21.370
POLY -6.248 -27.357,0.214,16.806 -29.337,0.214,22.117 -29.032,0.214,22.346 -26.736,0.214,20.590
POLY -6.248 -25.603,3.231,46.768 -20.441,3.231,46.730 -20.726,3.231,44.329 -25.603,3.231,44.329
POLY -6.248 22.329,0.009,-3.522 23.444,0.009,-2.034 23.444,0.009,-3.150
POLY -6.248 -3.353,-3.107,-9.315 -6.096,-2.946,-6.877 -2.553,-2.743,-6.877
POLY -6.248 36.857,0.914,16.529 38.189,0.914,16.529 38.189,0.914,10.192 37.681,0.914,10.192 37.452,0.914,5.734
POLY -6.248 37.167,0.914,10.916 36.957,0.914,5.696 36.373,0.914,5.696 36.373,0.914,16.097 36.881,0.914,16.097
POLY -6.248 -28.083,3.231,31.949 -26.169,3.231,32.069 -26.971,3.231,31.401 -27.535,3.231,31.401
POLY -6.248 -26.899,3.231,32.023 -27.508,3.231,31.985 -27.579,3.231,31.559 -27.808,3.231,31.597 -27.737,3.231,32.023
POLY -6.248 23.927,3.200,-3.029 23.508,3.200,-2.800 23.573,3.200,-2.245 24.873,3.200,-2.398
POLY -6.248 23.851,3.200,-3.181 23.508,3.200,-2.800 23.927,3.200,-3.029
POLY -6.248 28.042,3.200,-2.292 28.042,3.200,-2.800 26.365,3.200,-2.877 24.155,3.200,-2.877 23.508,3.200,-2.800 23.508,3.200,-2.292
POLY -6.248 22.593,3.200,-2.800 23.508,3.200,-2.800 23.889,3.200,-5.391 22.593,3.200,-5.780
POLY -6.248 23.508,3.200,-2.800 23.851,3.200,-3.181 23.889,3.200,-4.439 23.889,3.200,-5.391
POLY -6.248 28.042,0.009,0.438 28.461,0.009,-2.381 28.308,0.009,-2.305
POLY -6.248 42.672,-4.672,20.072 42.672,-4.280,17.355 37.744,-4.196,17.355 37.744,-4.589,20.072
POLY -6.248 -27.661,0.214,17.621 -30.480,0.214,15.069 -30.480,0.214,19.945 -29.337,0.214,22.117
POLY -6.248 -27.140,0.214,18.092 -27.388,0.214,16.669 -27.679,0.214,15.069 -30.480,0.214,15.069
POLY -6.248 -6.096,-3.107,-6.877 -6.096,-3.107,-9.315 -7.518,-3.107,-9.315 -7.518,-3.107,-6.877
POLY -6.248 -3.353,-3.107,-9.315 -3.962,-3.107,-9.582 -6.096,-3.107,-9.315 -6.096,-3.107,-6.877
POLY -6.248 37.583,0.066,4.309 32.918,0.282,5.315 37.172,0.127,4.720
POLY -6.248 36.817,0.193,4.929 32.918,0.282,5.315 36.817,0.282,5.315
POLY -6.248 -25.603,2.998,46.768 -19.835,3.414,49.562 -20.103,3.411,49.562 -20.441,3.048,46.730
POLY -6.248 37.744,-3.432,14.849 37.744,-4.212,17.355 42.672,-4.267,17.355
POLY -6.248 10.495,0.105,-8.693 10.992,0.105,-9.315 7.677,0.105,-9.315 8.174,0.105,-8.693
POLY -6.248 -27.619,3.231,31.715 -27.936,3.231,31.477 -28.931,3.231,31.477 -30.480,3.231,34.576
POLY -6.248 -29.045,1.829,22.343 -29.451,1.829,22.727 -28.955,1.829,23.844 -28.804,1.829,23.844 -28.397,1.829,23.029
POLY -6.248 -0.038,0.105,-9.315 3.905,0.105,-9.315 3.561,0.105,-9.070 2.172,0.105,-13.659
POLY -6.248 24.069,3.989,-2.870 26.559,3.719,-2.817 26.643,3.591,-4.028 25.375,3.612,-5.239
POLY -6.248 23.838,4.062,-2.450 25.618,3.535,-5.680 23.838,3.798,-5.614
POLY -6.248 10.706,0.105,-9.506 7.220,0.105,-9.506 7.559,0.105,-9.264
POLY -6.248 11.539,0.105,-9.570 8.230,0.105,-9.315 11.182,0.105,-9.315
POLY -6.248 3.081,0.105,-9.074 8.091,0.105,-9.074 6.744,0.105,-13.621
POLY -6.248 2.172,0.105,-13.659 3.429,0.105,-9.506 6.744,0.105,-13.621
POLY -6.248 11.331,0.105,-14.053 6.616,0.105,-14.053 7.963,0.105,-9.506
POLY -6.248 10.706,0.105,-9.506 11.011,0.105,-13.621 7.963,0.105,-9.506
POLY -6.248 40.424,-1.981,10.192 38.176,-3.505,15.069 40.424,-3.708,15.069
POLY -6.248 40.424,-3.708,15.069 38.176,-3.505,15.069 42.672,-4.267,17.355
POLY -6.248 40.424,-1.981,10.192 38.176,-0.798,7.753 38.176,-1.698,10.192 38.176,-3.498,15.069
POLY -6.248 -29.451,1.829,22.727 -29.211,1.829,23.928 -28.971,1.829,23.807
POLY -6.248 -0.038,0.105,-9.315 2.391,0.105,-14.091 -0.038,0.105,-14.091
POLY -6.248 -29.451,1.829,22.727 -30.480,1.829,23.336 -28.951,1.829,23.758 -29.161,1.829,24.178
POLY -6.248 -31.430,1.829,23.209 -30.342,1.829,25.218 -28.896,1.829,23.773 -31.325,1.829,23.103
POLY -6.248 -29.337,0.214,22.117 -30.480,0.214,19.945 -29.947,0.232,22.117
POLY -6.248 11.506,0.105,-11.563 10.858,0.105,-11.563 10.674,0.105,-9.074 10.907,0.105,-9.074
POLY -6.248 -30.480,0.214,12.402 -32.252,0.214,12.402 -30.480,0.214,15.069 -28.118,0.214,15.069
POLY -6.248 -30.480,0.214,12.402 -27.585,0.214,15.671 -28.098,0.214,12.448
POLY -6.248 11.011,0.105,-9.506 12.116,0.105,-9.773 12.355,0.105,-9.413 12.390,0.105,-9.436 12.001,0.105,-13.621
POLY -6.248 12.598,0.105,-9.889 11.011,0.105,-9.506 11.011,0.105,-9.074 12.365,0.105,-9.074
POLY -6.248 -28.959,1.829,22.435 -29.070,1.829,22.104 -30.083,1.829,22.104 -30.886,1.829,22.952 -30.480,1.829,23.336
POLY -6.248 28.016,3.200,-2.242 28.042,3.200,-2.800 26.594,3.200,-3.029 25.580,3.200,-2.353
POLY -6.248 28.042,3.200,-2.800 26.670,3.200,-3.181 26.594,3.200,-3.029
POLY -6.248 -30.480,3.231,34.576 -28.953,3.231,31.523 -29.128,3.231,31.435
POLY -6.248 -30.480,0.232,22.574 -29.947,0.232,22.117 -30.480,0.232,19.945 -31.509,0.232,23.108
POLY -6.248 -19.850,3.324,49.435 -20.282,3.273,49.435 -20.282,3.247,50.082 -19.850,3.298,50.082 -19.279,3.298,51.759
POLY -6.248 -3.353,-3.107,-9.315 -3.581,-3.099,-9.468 -3.962,-3.107,-9.582
POLY -6.248 26.670,3.234,-3.791 26.670,3.200,-3.181 28.042,3.200,-2.800
POLY -6.248 36.981,0.108,4.747 34.690,0.305,5.067 36.882,0.173,4.944
POLY -6.248 -36.995,3.231,32.823 -30.480,3.231,34.576 -29.113,3.231,31.400 -30.033,3.231,30.421
POLY -6.248 -28.632,3.231,37.014 -28.632,3.231,34.576 -35.357,3.231,34.576
POLY -6.248 15.773,0.105,-11.906 13.411,0.105,-14.192 12.001,0.105,-13.621 12.344,0.105,-9.925
POLY -6.248 14.059,0.105,-10.916 14.516,0.105,-10.801 15.621,0.105,-11.678 15.773,0.105,-11.906
POLY -6.248 23.508,3.200,-5.937 23.508,3.200,-5.505 23.889,3.200,-5.391 24.253,3.200,-5.937
POLY -6.248 -3.962,-3.103,-10.014 -3.962,-3.107,-9.582 -3.076,-3.088,-9.316 -3.308,-3.088,-10.014
POLY -6.248 37.428,0.914,5.263 37.681,0.914,10.192 38.189,0.914,10.192 38.189,0.914,4.883
POLY -6.248 -4.280,-0.610,-9.265 -1.753,-0.610,-9.265 -1.753,-0.610,-13.252 -4.280,-0.610,-13.252
POLY -6.248 12.867,0.105,-9.493 15.621,0.105,-9.493 15.621,0.105,-11.678
POLY -6.248 36.957,0.009,4.401 30.137,0.009,-3.677 28.613,0.009,-2.610 28.461,0.009,-2.381
POLY -6.248 -20.633,3.157,49.551 -20.726,3.353,49.130 -23.165,3.231,49.168 -21.069,3.302,49.206 -20.976,3.106,49.628
POLY -6.248 -25.603,2.997,46.768 -23.165,3.231,49.168 -20.726,3.353,49.130
POLY -6.248 -4.115,-3.107,-9.658 -6.096,-3.107,-9.315 -3.962,-3.107,-9.582
POLY -6.248 -20.046,3.298,49.508 -20.126,3.298,49.669 -19.469,3.298,51.530 -19.801,3.298,51.807 -19.610,3.298,52.035 -19.279,3.298,51.759
POLY -6.248 -31.509,0.232,23.108 -30.975,0.232,23.108 -30.480,0.232,22.574
POLY -6.248 -4.267,-3.107,-9.887 -6.096,-3.107,-9.315 -4.115,-3.107,-9.658
POLY -6.248 28.589,3.234,-4.697 26.670,3.234,-3.791 28.745,3.234,-2.292 28.701,3.234,-2.292
POLY -6.248 28.042,3.182,-4.439 28.042,3.278,-5.505 26.479,3.391,-4.439 26.670,3.307,-3.791
POLY -6.248 26.479,3.454,-4.439 26.441,3.353,-4.020 26.670,3.234,-3.791
POLY -6.248 -32.367,1.829,24.822 -30.556,1.829,24.822 -31.492,1.829,23.095 -32.079,1.829,23.095
POLY -6.248 -32.416,1.829,24.822 -32.489,1.829,25.332 -30.478,1.829,25.416 -30.003,1.829,24.822
POLY -6.248 -20.075,3.298,49.815 -20.350,3.298,49.998 -19.300,3.298,52.098 -19.262,3.298,52.116
POLY -6.248 28.042,3.234,-4.439 28.118,3.234,-2.800 28.626,3.234,-2.800 28.626,3.234,-4.439
POLY -6.248 28.613,0.009,-2.610 30.137,0.009,-3.677 28.613,0.009,-3.677
POLY -6.248 -20.557,3.315,49.215 -23.165,3.239,49.168 -23.336,3.223,49.206 -20.738,3.234,49.487
POLY -6.248 -33.566,0.219,24.041 -31.775,0.264,23.260 -31.509,0.269,23.108 -30.480,0.213,19.945
POLY -6.248 -33.566,0.214,24.041 -30.480,0.214,19.945 -30.480,0.214,15.069 -37.489,0.214,15.069
POLY -6.248 -4.267,-3.107,-9.887 -4.267,-3.107,-12.097 -4.343,-3.107,-12.173 -6.096,-3.107,-9.315
POLY -6.248 -6.096,-3.110,-14.192 -7.518,-2.968,-12.332 -7.518,-2.968,-12.668 -7.087,-3.010,-12.668 -6.096,-3.104,-9.315
POLY -6.248 -6.096,-3.107,-14.192 -6.096,-3.107,-9.315 -4.343,-3.107,-12.173 -4.305,-3.107,-12.744
POLY -6.248 -6.096,-3.107,-9.315 -7.518,-2.876,-10.355 -7.518,-3.107,-9.315
POLY -6.248 -7.087,-2.946,-12.668 -7.163,-2.896,-10.192 -6.096,-3.107,-9.315
POLY -6.248 -6.096,-3.107,-9.315 -7.982,-2.733,-10.865 -7.847,-2.823,-10.595
POLY -6.248 -28.632,3.231,39.453 -28.632,3.231,37.014 -35.357,3.231,34.576 -35.357,3.231,39.453
POLY -6.248 -20.618,3.298,49.955 -21.101,3.298,51.886 -19.406,3.298,51.886 -20.371,3.298,49.955
POLY -6.248 26.725,3.234,-4.121 25.794,3.234,-5.239 26.539,3.234,-4.121
POLY -6.248 25.409,3.098,-5.937 26.479,3.454,-4.439 28.674,3.145,-5.937
POLY -6.248 25.717,3.200,-5.505 25.794,3.234,-5.239 26.479,3.454,-4.439
POLY -6.248 -34.341,1.727,10.598 -34.341,1.727,12.414 -28.181,1.727,12.414 -28.181,1.727,10.598
POLY -6.248 -20.790,3.231,49.393 -23.412,3.231,49.644 -20.790,3.231,50.169
POLY -6.248 -21.222,3.231,49.435 -23.336,3.231,49.206 -23.412,3.231,49.320 -23.412,3.231,49.644
POLY -6.248 -31.013,1.829,25.394 -32.450,1.829,25.334 -32.378,1.829,25.082 -31.318,1.829,26.613
POLY -6.248 -30.582,1.829,25.407 -31.013,1.829,25.394 -31.426,1.829,27.045 -30.633,1.829,27.045
POLY -6.248 -36.995,3.231,32.823 -30.480,3.231,30.575 -33.680,3.231,30.766 -35.357,3.231,31.109
POLY -6.248 -33.680,3.231,30.766 -29.922,3.231,30.542 -30.471,3.231,29.951 -33.299,3.231,30.461
POLY -6.248 15.608,1.981,-9.493 18.110,1.981,-9.493 18.110,1.981,-11.995 15.608,1.981,-11.995
POLY -6.248 -21.042,3.298,49.875 -21.177,3.298,52.029 -21.131,3.298,52.006 -20.622,3.298,49.968
POLY -6.248 40.424,-3.708,15.069 42.672,-4.341,17.355 42.672,-3.599,15.069 42.672,-2.016,10.192
POLY -6.248 40.424,-3.708,15.069 42.672,-1.981,10.192 40.424,-1.981,10.192
POLY -6.248 -32.918,3.231,46.768 -25.603,3.231,49.206 -25.603,3.231,46.768 -25.603,3.231,44.329
POLY -6.248 -32.918,3.231,46.768 -25.603,3.231,44.329 -32.918,3.231,44.329
POLY -6.248 -25.603,3.231,44.329 -30.480,3.231,39.453 -30.480,3.231,44.329
POLY -6.248 -32.004,1.829,25.622 -31.277,1.829,27.075 -31.070,1.829,26.971
POLY -6.248 -30.620,4.166,29.254 -30.620,4.166,27.553 -33.376,4.166,27.553 -33.376,4.166,29.254
POLY -6.248 -33.223,3.231,30.309 -30.620,3.231,29.578 -30.620,3.231,29.242 -33.223,3.231,29.242
POLY -6.248 -20.429,3.317,50.493 -20.623,3.231,50.202 -23.412,3.231,49.644
POLY -6.248 -30.480,0.901,10.611 -28.181,0.901,10.611 -28.181,0.901,9.455 -30.480,0.901,9.455
POLY -6.248 -33.223,3.231,30.309 -33.299,3.231,30.461 -30.550,3.231,29.965 -30.635,3.231,29.582
POLY -6.248 -20.759,3.298,51.723 -21.145,3.298,51.530 -21.069,3.298,50.311 -21.222,3.298,51.683 -20.835,3.298,51.876
POLY -6.248 -21.069,3.298,50.311 -23.412,3.298,49.644 -21.222,3.298,51.683
POLY -6.248 -31.248,1.829,27.134 -32.004,1.829,25.622 -31.852,1.829,27.184 -31.623,1.829,26.918 -31.264,1.829,27.157
POLY -6.248 -8.484,-2.778,-10.191 -10.973,-2.778,-9.315 -10.973,-2.778,-8.693 -8.484,-2.778,-8.693
POLY -6.248 37.774,0.914,5.696 36.373,0.914,4.762 36.373,0.914,5.696
POLY -6.248 -31.191,1.829,26.414 -31.852,1.829,27.184 -31.191,1.829,26.964
POLY -6.248 38.176,-0.803,7.753 42.672,-1.128,7.753 40.424,-0.335,5.315 38.176,-0.173,5.315
POLY -6.248 38.176,-0.843,7.753 40.424,-1.920,10.192 42.672,-2.042,10.192 42.672,-1.087,7.753
POLY -6.248 -35.357,0.102,15.069 -30.480,0.214,15.069 -34.023,0.610,12.402
POLY -6.248 -30.480,0.214,15.069 -32.252,0.214,12.402 -34.023,0.610,12.402
POLY -6.248 -31.775,0.305,23.260 -33.566,0.214,24.041 -32.118,0.305,23.603
POLY -6.248 28.626,3.234,-4.439 28.626,3.234,-5.937 28.042,3.234,-5.937 28.042,3.234,-4.439
POLY -6.248 -37.427,3.231,32.707 -37.427,3.231,32.746 -35.357,3.231,34.576 -30.480,3.231,34.576
POLY -6.248 30.455,1.016,-5.937 28.613,1.016,-5.937 28.613,1.016,-3.664 30.455,1.016,-3.664
POLY -6.248 -31.785,1.829,27.863 -32.004,1.829,25.622 -32.817,1.829,25.622 -32.817,1.829,27.413 -31.645,1.829,27.652
POLY -6.248 -7.163,-2.896,-10.192 -7.061,-2.963,-13.484 -7.264,-2.828,-13.180
POLY -6.248 -7.391,-2.773,-12.846 -7.391,-2.783,-9.825 -7.145,-2.904,-9.661 -7.255,-2.839,-12.914
POLY -6.248 36.957,0.009,4.401 32.918,0.009,-4.439 30.366,0.009,-3.829 30.137,0.009,-3.677
POLY -6.248 -32.118,0.305,23.603 -33.738,0.102,24.213 -32.385,0.214,24.822
POLY -6.248 -8.611,-2.778,-12.795 -8.611,-2.778,-9.912 -7.391,-2.778,-9.912 -7.391,-2.778,-12.795
POLY -6.248 -25.603,3.231,49.206 -23.336,3.231,49.206 -23.165,3.231,49.168 -25.603,3.231,46.768
POLY -6.248 -32.385,0.214,24.822 -32.723,0.214,26.342 -32.554,0.214,26.286
POLY -6.248 -33.738,0.102,24.213 -35.357,0.214,24.822 -32.385,0.214,24.822
POLY -6.248 -32.385,0.214,24.822 -35.357,0.214,24.822 -32.766,0.214,26.079 -32.614,0.214,25.851
POLY -6.248 36.791,0.009,4.832 37.626,-0.002,4.832 37.719,0.009,2.419
POLY -6.248 36.957,0.009,4.401 37.719,0.009,2.419 37.795,0.009,0.438 37.795,0.009,-4.439
POLY -6.248 36.957,0.009,4.401 37.795,0.009,-4.439 37.275,0.009,-5.479 32.918,0.009,-4.439
POLY -6.248 -25.603,3.231,49.206 -23.412,3.231,49.320 -23.336,3.231,49.206
POLY -6.248 -14.491,-2.778,-8.693 -10.973,-2.778,-8.693 -10.973,-2.778,-9.315 -14.491,-2.778,-10.749
POLY -6.248 -8.232,-2.778,-10.441 -10.973,-2.778,-9.315 -8.330,-2.778,-10.245
POLY -6.248 -10.973,-2.778,-11.487 -12.516,-2.778,-9.944 -10.973,-2.778,-9.315 -8.839,-2.778,-10.192
POLY -6.248 -25.603,3.231,49.206 -23.412,3.231,49.644 -23.412,3.231,49.320
POLY -6.248 -10.973,-2.778,-11.487 -8.432,-2.778,-9.944 -8.575,-2.778,-9.849 -8.763,-2.778,-12.440
POLY -6.248 -23.412,3.231,49.644 -26.067,3.231,52.114 -20.758,3.312,52.114
POLY -6.248 -8.799,-2.778,-12.941 -8.611,-2.778,-10.344 -8.611,-2.778,-12.846
POLY -6.248 45.580,-4.595,20.072 45.580,-4.233,17.355 42.672,-4.293,17.355 42.672,-4.655,20.072
POLY -6.248 -23.412,3.231,49.644 -25.603,3.231,49.206 -25.603,3.231,51.683
POLY -6.248 -32.813,0.214,27.841 -32.582,0.214,27.437 -32.956,0.214,27.222 -32.766,0.214,26.079 -35.357,0.214,24.822
POLY -6.248 -32.766,0.214,26.079 -32.956,0.214,27.222 -32.766,0.214,27.146
POLY -6.248 30.366,0.009,-3.829 32.918,0.009,-4.439 30.442,0.009,-3.981
POLY -6.248 13.411,0.105,-14.192 15.773,0.105,-11.906 17.678,0.105,-14.192 16.707,0.105,-15.373
POLY -6.248 17.678,0.105,-14.192 15.773,0.105,-11.906 15.926,0.105,-11.982
POLY -6.248 40.424,-0.356,5.315 37.744,0.079,4.861 37.744,-0.113,5.315
POLY -6.248 32.918,0.009,-4.439 30.442,0.009,-4.439 30.442,0.009,-3.981
POLY -6.248 37.606,-0.002,4.865 37.795,0.009,4.960 37.795,0.009,2.457
POLY -6.248 37.795,0.009,2.457 37.795,0.009,0.438 37.643,0.000,4.401
POLY -6.248 18.110,0.105,-14.737 15.926,0.105,-11.982 18.110,0.105,-11.982
POLY -6.248 37.795,0.009,5.151 38.240,0.009,5.685 37.986,0.009,2.686 37.795,0.009,2.457
POLY -6.248 45.580,-4.216,17.355 45.580,-3.581,15.069 42.672,-3.670,15.069 42.672,-4.305,17.355
POLY -6.248 40.234,-0.173,0.438 37.986,0.053,2.686 38.176,-0.037,4.934 40.424,-0.333,5.124
POLY -6.248 1.670,0.105,-13.843 1.403,0.105,-13.665 6.744,0.105,-13.621
POLY -6.248 7.305,0.105,-13.766 2.400,0.105,-13.811 7.577,0.105,-13.584
POLY -6.248 -35.376,0.214,27.318 -36.405,0.214,27.356 -35.357,0.214,27.489 -33.109,0.214,27.489
POLY -6.248 -33.109,0.214,27.489 -35.357,0.214,24.822 -37.795,0.214,24.822 -37.643,0.214,27.146
POLY -6.248 -30.480,0.901,9.887 -33.490,0.901,10.611 -30.480,0.901,10.611
POLY -6.248 30.442,0.009,-4.439 30.656,0.009,-6.042 30.442,0.009,-5.989
POLY -6.248 32.918,0.009,-4.439 30.462,0.009,-6.091 30.699,0.009,-6.367 30.442,0.009,-4.439
POLY -6.248 6.515,0.105,-13.773 3.658,0.105,-14.192 2.400,0.105,-13.811
POLY -6.248 3.658,0.105,-14.192 7.036,0.105,-13.697 6.946,0.105,-13.877
POLY -6.248 1.831,0.105,-13.639 3.658,0.105,-14.192 1.942,0.105,-13.860
POLY -6.248 3.658,0.105,-14.192 6.871,0.105,-13.884 6.871,0.105,-15.729 3.658,0.105,-15.729
POLY -6.248 -29.524,0.901,9.657 -30.729,0.901,9.389 -30.823,0.901,9.811 -35.357,0.901,10.192 -33.490,0.901,10.611
POLY -6.248 -39.643,3.231,42.843 -30.480,3.231,44.329 -30.480,3.231,39.453 -35.357,3.231,39.453
POLY -6.248 42.672,-3.708,15.069 45.148,-0.864,7.753 42.672,-1.118,7.753
POLY -6.248 42.672,-3.708,15.069 45.148,-3.549,15.069 45.148,-1.749,10.192 45.148,-0.849,7.753
POLY -6.248 -2.338,-3.107,-14.091 -3.962,-3.107,-13.240 -1.753,-3.107,-13.240 -1.753,-3.107,-14.091
POLY -6.248 -45.110,0.214,19.945 -40.234,0.214,24.822 -35.357,0.214,24.822 -33.566,0.214,24.041
POLY -6.248 -45.110,0.214,19.945 -33.566,0.214,24.041 -37.489,0.214,15.069 -45.110,0.214,15.069
POLY -6.248 2.045,0.105,-13.880 3.658,0.105,-14.192 3.658,0.105,-15.729 2.045,0.105,-15.729
POLY -6.248 -6.096,-3.107,-14.192 -4.305,-3.107,-12.744 -4.191,-3.107,-13.087
POLY -6.248 -35.357,4.003,27.476 -35.357,4.222,27.984 -33.718,4.521,28.785 -33.158,3.940,27.476
POLY -6.248 11.762,0.187,-13.980 12.001,0.105,-13.621 13.411,0.119,-14.192 12.230,0.119,-13.773 11.991,0.200,-14.132
POLY -6.248 -30.500,0.901,9.516 -35.357,0.901,10.192 -30.331,0.901,9.769
POLY -6.248 -10.973,-2.778,-11.487 -14.307,-2.778,-12.116 -14.059,-2.778,-10.573 -12.516,-2.778,-9.944
POLY -6.248 -3.467,-3.107,-14.192 -5.220,-3.107,-14.840 -6.096,-3.107,-14.192 -4.191,-3.107,-13.087
POLY -6.248 -3.035,-3.107,-14.851 -4.191,-3.107,-13.087 -3.962,-3.107,-13.240 -3.035,-3.107,-14.595
POLY -6.248 11.643,0.119,-13.565 13.411,0.119,-14.192 11.757,0.119,-13.793
POLY -6.248 -3.080,-3.107,-14.123 -3.962,-3.107,-13.240 -2.726,-3.107,-13.887
POLY -6.248 -3.188,-3.107,-14.371 -3.962,-3.107,-13.240 -3.069,-3.107,-14.133
POLY -6.248 -30.543,0.901,9.522 -30.543,0.901,7.169 -35.357,0.901,7.169 -35.357,0.901,10.192
POLY -6.248 11.874,0.119,-13.821 13.411,0.119,-14.192 11.874,0.100,-14.192
POLY -6.248 -22.085,-1.171,-3.536 -23.584,-0.457,-2.305 -23.325,-0.581,-1.960 -22.085,-1.171,-2.889
POLY -6.248 37.795,0.009,0.438 37.795,0.009,2.457 37.986,0.009,2.686 40.234,0.009,0.438
POLY -6.248 -33.287,4.521,29.699 -33.287,4.521,28.332 -34.835,4.521,29.955 -34.963,4.521,29.699
POLY -6.248 -33.718,4.521,28.785 -35.357,4.222,27.984 -34.519,4.521,29.623
POLY -6.248 -21.276,-1.516,-4.284 -21.679,-1.524,-4.439 -22.517,-0.965,-3.181 -22.188,-0.903,-2.902 -21.493,-1.285,-3.720
POLY -6.248 -24.041,-0.864,-4.439 -24.422,-0.559,-4.134 -22.517,-0.965,-3.181
POLY -6.248 -24.041,-0.864,-4.439 -22.517,-0.965,-3.181 -21.679,-1.524,-4.439
POLY -6.248 -24.422,-0.559,-4.134 -23.398,-0.435,-1.899 -22.094,-1.055,-2.970
POLY -6.248 -32.918,3.231,49.206 -25.603,3.231,49.206 -32.918,3.231,46.768
POLY -6.248 -37.795,3.231,49.206 -25.603,3.231,51.683 -25.603,3.231,49.206
POLY -6.248 -34.519,3.231,30.766 -35.128,3.231,30.956 -35.357,3.231,31.109 -33.680,3.231,30.766
POLY -6.248 -34.480,4.521,29.699 -33.451,4.521,30.607 -33.210,4.521,30.367 -33.210,4.521,29.699
POLY -6.248 -24.733,0.047,-1.455 -24.345,-0.093,-1.503 -23.301,-0.510,-1.957 -24.917,-0.203,-3.943
POLY -6.248 -24.422,-0.559,-4.134 -24.917,-0.203,-3.943 -23.584,-0.457,-2.305
POLY -6.248 13.411,0.105,-14.192 13.411,0.105,-16.631 11.874,0.105,-16.631 11.874,0.105,-14.192
POLY -6.248 -34.912,4.521,29.318 -34.912,4.521,30.443 -34.577,4.521,30.778 -33.257,4.521,30.778
POLY -6.248 -7.518,-3.075,-13.877 -7.518,-3.075,-12.332 -6.096,-3.075,-14.192 -6.096,-3.075,-14.916
POLY -6.248 -21.679,-1.524,-4.439 -23.470,-1.575,-5.277 -23.736,-1.168,-4.743
POLY -6.248 -23.393,-1.933,-5.772 -21.679,-1.513,-4.439 -21.260,-2.162,-6.039 -20.830,-2.203,-6.080 -20.923,-2.577,-7.053
POLY -6.248 -20.833,-2.247,-5.976 -21.260,-2.134,-6.039 -21.679,-1.524,-4.439 -21.288,-1.591,-4.256 -20.994,-1.870,-4.885
POLY -6.248 13.411,0.105,-14.192 16.707,0.105,-15.373 15.735,0.105,-16.554 13.411,0.105,-16.631
POLY -6.248 -10.973,-2.778,-11.487 -8.360,-2.778,-12.613 -8.540,-2.778,-12.884
POLY -6.248 -14.554,-2.778,-13.659 -14.307,-2.778,-12.116 -10.973,-2.778,-11.487 -8.915,-2.778,-12.668
POLY -6.248 32.918,0.009,-4.439 32.918,0.009,-6.294 32.930,0.009,-6.280 30.181,0.009,-6.280
POLY -6.248 -5.643,-3.107,-14.966 -5.629,-3.107,-14.991 -3.035,-3.107,-14.033 -3.035,-3.107,-16.139
POLY -6.248 -14.554,-2.778,-14.091 -14.554,-2.778,-13.659 -8.484,-2.778,-12.592 -8.484,-2.778,-14.091
POLY -6.248 42.672,-0.220,5.315 40.424,-0.356,5.315 42.672,-1.118,7.753
POLY -6.248 -24.675,-0.000,-1.462 -25.184,-0.000,-3.867 -25.693,0.370,-1.324
POLY -6.248 37.046,0.009,-5.937 33.186,0.009,-5.937 32.918,0.009,-4.439 37.275,0.009,-5.479
POLY -6.248 32.918,0.009,-4.439 33.190,0.009,-5.960 32.918,0.009,-6.123
POLY -6.248 42.672,0.009,0.438 40.234,0.009,0.438 40.424,0.009,5.124 42.672,0.009,5.315
POLY -6.248 -35.357,4.222,27.984 -35.357,4.651,30.334 -34.155,4.651,30.334
POLY -6.248 -35.128,3.231,30.956 -34.519,3.231,30.766 -35.052,3.231,30.804
POLY -6.248 -35.052,3.231,30.804 -34.519,3.231,30.766 -34.900,3.231,30.461
POLY -6.248 -13.894,-2.778,-9.547 -14.307,-2.778,-12.116 -14.148,-2.746,-9.928
POLY -6.248 37.795,0.009,0.438 40.234,0.009,0.438 40.234,0.009,-4.439 37.795,0.009,-4.439
POLY -6.248 -14.307,-2.778,-12.116 -14.554,-2.759,-13.659 -14.211,-2.759,-10.801
POLY -6.248 -14.150,-2.759,-10.288 -14.554,-2.759,-13.659 -14.329,-2.759,-10.378
POLY -6.248 -35.090,3.231,30.118 -35.052,3.231,30.804 -34.900,3.231,30.461 -34.976,3.231,30.118
POLY -6.248 -35.357,0.214,27.489 -37.989,0.214,27.154 -37.797,0.214,27.489
POLY -6.248 -6.096,-3.133,-14.192 -4.825,-3.133,-15.196 -5.561,-3.133,-15.196
POLY -6.248 -6.096,-3.107,-14.192 -5.588,-3.150,-15.145 -6.096,-3.053,-15.399
POLY -6.248 -25.603,0.305,-3.867 -26.060,0.559,-3.905 -25.603,0.305,-1.772
POLY -6.248 -25.591,0.354,-1.340 -25.603,0.305,-1.772 -27.521,1.112,-2.075 -27.298,1.112,-1.293
POLY -6.248 -26.060,0.559,-3.905 -27.165,0.914,-2.076 -25.603,0.305,-1.772
POLY -6.248 -16.073,-2.759,-13.770 -16.043,-2.759,-13.781 -16.784,-2.759,-10.446 -14.109,-2.759,-10.446
POLY -6.248 -15.850,-2.759,-13.392 -14.364,-2.759,-10.878 -14.554,-2.759,-13.659
POLY -6.248 -35.357,3.181,43.539 -39.643,3.244,42.843 -40.234,3.036,44.329 -35.357,3.072,44.329
POLY -6.248 -16.561,-2.760,-11.210 -18.085,-2.760,-8.960 -16.561,-2.760,-8.960
POLY -6.248 18.110,0.155,-17.145 16.116,0.155,-16.707 15.811,0.155,-16.554 18.110,0.155,-13.646
POLY -6.248 -35.266,4.222,27.476 -39.523,4.222,27.476 -39.687,4.222,28.131 -35.662,4.222,29.699
POLY -6.248 -7.518,-3.075,-13.877 -5.697,-3.075,-15.208 -7.518,-3.075,-16.048
POLY -6.248 -32.823,3.231,50.216 -32.823,3.231,52.114 -25.603,3.231,52.114 -25.603,3.231,51.683
POLY -6.248 45.580,-0.112,5.002 42.672,-0.308,5.315 42.672,-1.030,7.753 45.580,-0.927,7.753
POLY -6.248 -34.252,0.711,12.249 -35.357,0.102,15.069 -34.023,0.610,12.402
POLY -6.248 -36.995,3.231,32.823 -35.357,3.231,31.109 -36.995,3.231,31.337
POLY -6.248 -33.490,0.901,10.611 -35.357,0.864,10.192 -34.023,0.864,10.611
POLY -6.248 46.914,2.134,6.255 45.136,2.134,6.255 45.136,2.134,16.529 46.914,2.134,16.529
POLY -6.248 -17.793,-2.759,-9.392 -16.993,-2.760,-10.573 -16.606,-2.783,-10.380 -16.530,-2.782,-10.532 -16.916,-2.759,-10.725
POLY -6.248 -18.059,-2.759,-11.297 -18.059,-2.759,-8.866 -18.156,-2.759,-8.839 -16.916,-2.759,-10.725
POLY -6.248 -39.281,4.222,28.289 -37.168,4.222,31.283 -37.062,4.222,31.271 -37.030,4.222,31.395 -34.766,4.222,31.072
POLY -6.248 -39.281,4.222,28.289 -35.021,4.222,30.914 -35.193,4.222,29.881
POLY -6.248 -23.393,-1.930,-5.772 -21.336,-2.489,-6.839 -23.393,-2.489,-6.801
POLY -6.248 -20.903,-2.463,-6.847 -20.985,-2.774,-7.825 -23.241,-2.715,-7.449 -23.393,-2.515,-6.801
POLY -6.248 -18.059,-2.759,-11.297 -20.726,-2.759,-11.525 -20.726,-2.759,-9.315 -18.059,-2.759,-9.315
POLY -6.248 -17.914,-2.759,-8.909 -18.059,-2.759,-9.315 -20.726,-2.759,-9.315 -17.566,-2.759,-9.033
POLY -6.248 -35.357,0.102,15.069 -34.252,0.711,12.249 -35.357,0.864,10.192
POLY -6.248 -5.423,-3.107,-15.065 -2.959,-3.107,-16.174 -4.879,-3.107,-17.134 -4.991,-3.107,-15.678 -5.423,-3.107,-15.678
POLY -6.248 -20.726,-2.759,-9.315 -20.726,-2.759,-8.693 -18.593,-2.759,-8.693 -18.593,-2.759,-9.125
POLY -6.248 -35.357,0.864,10.192 -34.328,0.965,11.792 -34.328,0.864,10.916
POLY -6.248 -35.357,0.102,15.069 -35.357,0.870,10.192 -37.509,0.889,11.144 -39.662,0.908,12.097
POLY -6.248 -35.357,0.102,15.069 -39.662,0.901,12.097 -40.234,0.214,15.069
POLY -6.248 -34.023,0.864,10.611 -35.357,0.864,10.192 -34.252,0.864,10.763
POLY -6.248 -5.045,-3.107,-14.980 -4.915,-3.107,-16.669 -5.175,-3.107,-15.175
POLY -6.248 -37.071,3.231,33.280 -35.357,3.231,34.576 -36.995,3.231,33.128
POLY -6.248 -37.300,3.231,33.433 -35.357,3.231,34.576 -37.071,3.231,33.280
POLY -6.248 -39.052,3.231,41.358 -35.357,3.231,39.453 -35.357,3.231,34.576 -37.300,3.231,33.433
POLY -6.248 -24.505,0.934,-4.089 -24.235,0.934,-4.179 -23.704,0.934,-4.710 -24.917,0.934,-5.620
POLY -6.248 -23.296,0.934,-6.160 -24.917,0.934,-5.620 -23.701,0.934,-4.707 -23.425,0.934,-5.260
POLY -6.248 -35.357,0.864,10.192 -34.328,0.864,10.916 -34.252,0.864,10.763
POLY -6.248 -16.916,-2.759,-10.725 -18.059,-2.759,-13.278 -18.059,-2.759,-11.297
POLY -6.248 -16.737,-2.759,-10.325 -16.823,-2.759,-10.268 -16.058,-2.759,-13.710 -18.253,-2.759,-13.710
POLY -6.248 -25.156,0.934,-3.864 -24.669,0.934,-3.945 -24.389,0.934,-4.132 -25.032,0.934,-5.353
POLY -6.248 -24.651,0.934,-4.629 -24.917,0.934,-5.620 -25.032,0.934,-5.353
POLY -6.248 -4.915,-3.107,-16.669 -5.571,-3.107,-15.655 -5.153,-3.107,-15.298
POLY -6.248 13.411,0.105,-16.631 13.411,1.727,-19.069 11.874,1.727,-19.069 11.874,0.105,-16.631
POLY -6.248 -26.060,0.559,-3.905 -27.526,1.010,-1.798 -27.389,0.986,-1.706
POLY -6.248 42.672,0.009,0.438 42.672,0.009,5.315 45.453,0.009,4.743 46.501,0.009,2.591
POLY -6.248 45.225,-0.220,4.896 42.672,-0.220,5.315 45.148,-0.220,5.048
POLY -6.248 45.453,-0.152,4.743 42.672,-0.220,5.315 45.225,-0.220,4.896
POLY -6.248 -25.603,0.934,-5.163 -25.603,0.934,-3.829 -24.980,0.934,-3.829 -25.260,0.934,-5.163
POLY -6.248 -25.108,0.934,-4.439 -25.032,0.934,-5.353 -25.260,0.934,-5.163
POLY -6.248 -25.023,0.934,-3.886 -25.108,0.934,-4.439 -25.603,0.934,-4.439 -25.603,0.934,-3.797
POLY -6.248 -23.673,-2.743,-7.377 -20.980,-2.743,-7.825 -20.980,-2.743,-8.820 -23.673,-2.743,-8.820
POLY -6.248 -30.480,0.934,-4.439 -28.260,0.934,-1.721 -27.530,0.934,-1.721 -26.022,0.934,-4.324
POLY -6.248 -5.008,-3.107,-17.187 -6.491,-3.107,-16.117 -5.570,-3.107,-15.656 -4.678,-3.107,-17.035
POLY -6.248 47.549,1.481,15.069 46.901,1.481,12.630 46.901,1.481,17.291 47.549,1.481,17.291
POLY -6.248 -23.381,0.934,-6.132 -23.381,0.934,-7.614 -24.772,0.934,-7.614 -24.917,0.934,-5.620
POLY -6.248 -25.603,0.934,-4.439 -30.480,0.934,-4.439 -26.022,0.934,-4.324 -25.976,0.934,-3.818 -25.603,0.934,-3.852
POLY -6.248 -27.394,0.934,-4.591 -25.603,0.934,-4.439 -27.241,0.934,-4.667
POLY -6.248 -25.603,0.934,-5.163 -27.089,0.934,-4.896 -27.241,0.934,-4.667 -25.603,0.934,-4.439
POLY -6.248 -25.603,0.934,-4.439 -27.394,0.934,-4.591 -27.775,0.934,-4.591 -30.480,0.934,-4.439
POLY -6.248 42.672,0.009,-4.439 40.234,0.009,-4.439 40.234,0.009,0.438 42.672,0.009,0.438
POLY -6.248 -23.393,-2.489,-6.801 -23.011,-3.127,-8.428 -23.393,-3.000,-7.949
POLY -6.248 -20.726,-2.759,-9.315 -22.746,-2.759,-9.315 -21.107,-2.759,-9.125 -21.107,-2.759,-8.693 -20.726,-2.759,-8.693
POLY -6.248 -7.442,-3.124,-17.099 -7.473,-3.124,-17.161 -7.087,-3.124,-17.355 -6.096,-3.124,-16.402 -6.096,-3.124,-19.069
POLY -6.248 -5.229,-3.107,-17.327 -6.096,-3.107,-16.402 -5.056,-3.107,-17.153
POLY -6.248 -5.169,-3.124,-17.545 -5.601,-3.124,-17.545 -6.096,-3.124,-19.069 -6.096,-3.124,-16.402 -5.169,-3.124,-18.185
POLY -6.248 -5.291,-3.124,-17.951 -6.096,-3.124,-16.402 -5.167,-3.096,-17.393
POLY -6.248 -6.289,-3.156,-16.016 -6.096,-3.124,-16.402 -7.518,-3.124,-17.770 -7.518,-3.187,-16.630
POLY -6.248 16.116,0.155,-16.707 17.678,0.155,-17.050 16.192,0.155,-16.859
POLY -6.248 -39.091,0.214,27.108 -38.710,0.214,27.146 -37.643,0.214,27.146 -37.795,0.214,24.822
POLY -6.248 -32.918,3.231,46.768 -32.918,3.231,44.329 -40.234,3.231,44.329
POLY -6.248 -20.726,-2.759,-9.315 -21.298,-2.759,-11.678 -21.526,-2.759,-11.525 -22.746,-2.759,-9.315
POLY -6.248 -20.726,-2.759,-9.315 -20.726,-2.759,-11.525 -21.222,-2.759,-11.830 -21.298,-2.759,-11.678
POLY -6.248 -20.893,-2.743,-8.820 -20.741,-2.743,-9.049 -23.912,-2.743,-9.049 -23.760,-2.743,-8.820
POLY -6.248 47.549,1.481,15.069 47.549,1.481,17.291 50.571,1.481,17.291 50.571,1.481,12.446
POLY -6.248 -27.089,0.934,-4.896 -25.603,0.934,-5.163 -27.051,0.934,-5.277
POLY -6.248 -39.091,0.214,27.108 -37.795,0.214,24.822 -40.234,0.214,24.822
POLY -6.248 16.192,0.155,-16.859 18.110,0.155,-17.105 18.110,0.155,-19.564 16.192,0.155,-19.564
POLY -6.248 -20.294,-2.743,-9.049 -20.142,-2.743,-9.125 -24.511,-2.743,-9.125 -24.359,-2.743,-9.049
POLY -6.248 -23.546,-2.743,-9.125 -21.107,-2.743,-9.125 -22.746,-2.759,-9.315
POLY -6.248 -20.726,-2.759,-11.525 -18.059,-2.759,-11.297 -18.059,-2.759,-13.278 -20.726,-2.759,-13.735
POLY -6.248 -38.291,0.901,7.601 -35.357,0.901,10.192 -35.357,0.901,7.601
POLY -6.248 -38.291,0.901,7.601 -40.234,0.901,10.192 -39.814,0.901,10.687 -35.357,0.901,10.192
POLY -6.248 -35.357,0.901,10.192 -39.814,0.901,10.687 -39.662,0.901,10.916 -37.509,0.901,11.144
POLY -6.248 -3.035,-3.160,-19.412 -5.140,-3.160,-17.741 -3.035,-3.160,-16.750
POLY -6.248 -28.486,1.067,-1.879 -30.480,1.067,-1.734 -30.480,1.067,-1.302 -28.486,1.067,-1.302
POLY -6.248 -39.643,3.231,42.843 -35.357,3.231,39.453 -39.052,3.231,41.358
POLY -6.248 -28.420,0.934,-1.766 -28.613,0.934,-2.153 -30.480,0.934,-1.734 -28.765,0.934,-2.076 -28.572,0.934,-1.690
POLY -6.248 -30.480,0.934,-1.734 -28.613,0.934,-2.153 -30.480,0.934,-4.439 -32.918,0.934,-4.439
POLY -6.248 -25.705,2.743,-5.150 -25.031,2.743,-5.150 -24.929,2.743,-5.458 -24.792,2.743,-7.141 -25.298,2.743,-7.182
POLY -6.248 -39.510,4.222,32.937 -37.011,4.222,30.816 -37.037,4.222,31.056 -40.234,4.222,29.699
POLY -6.248 -39.530,4.222,27.936 -39.025,4.222,27.599 -40.234,4.222,29.699 -37.452,4.222,30.880
POLY -6.248 46.901,1.481,12.630 47.549,1.481,15.069 49.458,1.481,13.188 50.140,1.481,11.144
POLY -6.248 -28.167,0.888,-2.196 -30.480,1.067,-1.734 -28.372,1.067,-1.888
POLY -6.248 48.520,1.481,11.887 48.520,1.481,7.753 46.901,1.481,7.753 46.901,1.481,12.630
POLY -6.248 47.549,1.481,15.069 50.493,1.481,12.514 50.406,1.481,12.255
POLY -6.248 -36.982,4.222,30.792 -40.108,4.222,33.445 -36.982,4.222,33.445
POLY -6.248 -25.062,2.743,-5.100 -27.141,2.743,-7.244 -27.285,2.743,-6.956 -26.899,2.743,-6.763 -27.534,2.743,-5.319
POLY -6.248 -25.603,2.743,-5.658 -25.212,2.743,-7.614 -25.603,2.743,-7.614 -25.603,2.743,-7.182 -26.822,2.743,-6.915
POLY -6.248 -39.052,3.231,41.358 -37.300,3.231,33.433 -39.052,3.231,33.433
POLY -6.248 37.329,0.009,-6.302 37.795,0.009,-4.439 37.446,0.009,-6.534
POLY -6.248 37.067,0.009,-5.895 37.795,0.009,-4.439 37.379,0.009,-6.103
POLY -6.248 37.567,0.009,-5.810 37.795,0.009,-4.439 40.234,0.009,-4.439 40.234,0.009,-9.315
POLY -6.248 -6.096,-3.150,-19.069 -5.411,-3.114,-16.960 -5.200,-3.150,-17.382
POLY -6.248 -38.154,0.214,27.202 -39.921,0.214,27.025 -39.658,0.214,27.222 -38.175,0.214,27.222
POLY -6.248 -4.893,-3.150,-17.716 -6.096,-3.150,-19.069 -5.244,-3.150,-17.465
POLY -6.248 -6.096,-3.160,-19.069 -4.527,-3.160,-17.609 -5.306,-3.160,-17.609 -3.467,-3.160,-19.069
POLY -6.248 -32.918,3.231,49.206 -32.918,3.231,46.768 -40.234,3.231,44.329 -40.234,3.231,46.768
POLY -6.248 -4.527,-3.164,-17.609 -6.096,-3.150,-19.069 -4.798,-3.150,-17.609
POLY -6.248 -6.096,-3.150,-19.069 -7.687,-3.025,-17.338 -7.406,-3.118,-17.150
POLY -6.248 -25.146,-2.759,-11.601 -22.746,-2.759,-9.315 -21.526,-2.759,-11.525
POLY -6.248 -25.578,-2.759,-12.013 -25.578,-2.759,-8.963 -24.808,-2.759,-8.886 -24.765,-2.759,-9.315 -22.746,-2.759,-9.315
POLY -6.248 -24.765,-2.759,-9.315 -23.546,-2.759,-9.125 -22.746,-2.759,-9.315
POLY -6.248 -30.480,0.934,-4.439 -27.775,0.934,-4.591 -28.727,0.934,-4.667
POLY -6.248 -38.875,0.214,27.540 -40.234,0.214,24.822 -40.234,0.214,27.540
POLY -6.248 -8.186,-2.917,-17.228 -7.788,-3.017,-17.228 -6.096,-3.150,-19.069
POLY -6.248 45.136,1.524,6.267 46.914,1.524,6.267 46.914,1.524,4.731 45.136,1.524,4.731
POLY -6.248 -27.584,1.880,-5.086 -27.737,1.880,-5.467 -27.813,1.880,-5.620 -28.499,1.880,-5.658
POLY -6.248 -27.629,1.880,-4.529 -27.584,1.880,-5.086 -28.912,1.880,-5.916 -29.010,1.880,-4.640
POLY -6.248 -27.737,1.880,-5.467 -27.206,1.880,-4.141 -27.074,1.880,-5.069
POLY -6.248 11.874,1.727,-19.069 12.306,1.727,-19.069 12.554,2.515,-21.088 11.874,2.515,-21.088
POLY -6.248 13.411,1.721,-19.069 13.221,2.525,-21.165 12.554,2.504,-21.088 12.306,1.734,-19.069
POLY -6.248 -35.738,0.897,7.601 -35.545,0.897,7.215 -34.852,0.897,7.561 -38.062,0.897,7.449
POLY -6.248 -39.069,0.902,7.601 -35.738,0.897,7.601 -38.771,0.853,7.402
POLY -6.248 37.135,0.070,-5.243 40.234,-0.204,-9.315 37.795,0.094,-9.315 37.567,0.065,-7.106 37.135,0.118,-7.106
POLY -6.248 -9.538,-2.972,-19.069 -9.538,-2.972,-17.228 -8.186,-2.972,-17.228 -6.096,-2.972,-19.069
POLY -6.248 -30.480,0.934,-1.302 -30.480,0.934,-1.734 -33.312,0.934,-1.868 -33.312,0.934,-1.302
POLY -6.248 -30.480,0.934,-1.734 -32.918,0.934,-4.439 -33.238,0.934,-1.696 -33.226,0.934,-1.690 -33.033,0.934,-2.076
POLY -6.248 -30.480,0.934,-1.734 -33.603,0.934,-2.153 -33.416,0.934,-1.873
POLY -6.248 -27.254,2.743,-6.821 -25.603,2.743,-7.182 -25.603,2.743,-7.614 -27.254,2.743,-7.614
POLY -6.248 -23.546,-2.743,-8.693 -23.546,-2.743,-9.125 -25.044,-2.743,-9.232 -25.044,-2.743,-8.693
POLY -6.248 -23.577,-2.677,-8.694 -23.546,-2.743,-9.125 -25.674,-2.771,-9.457 -24.770,-2.677,-8.779
POLY -6.248 44.044,0.009,-0.419 42.672,0.009,0.438 44.120,0.009,-0.305
POLY -6.248 44.044,0.009,-0.533 42.672,0.009,0.438 44.044,0.009,-0.419
POLY -6.248 42.672,0.009,0.438 44.044,0.009,-0.533 45.415,0.009,-2.038
POLY -6.248 42.672,0.009,-4.439 42.672,0.009,0.438 45.847,0.009,-2.428 45.847,0.009,-1.925
POLY -6.248 46.501,0.009,2.591 44.120,0.009,-0.305 42.672,0.009,0.438
POLY -6.248 -35.359,0.906,7.543 -35.549,0.864,7.259 -38.062,0.864,7.449
POLY -6.248 16.252,2.907,-20.280 13.411,1.727,-19.069 16.206,2.100,-19.069
POLY -6.248 13.411,1.727,-19.069 13.411,2.515,-21.507 13.221,2.515,-21.165
POLY -6.248 13.411,2.515,-21.507 13.411,1.727,-19.069 15.735,2.692,-20.060
POLY -6.248 -20.726,-2.717,-14.167 -20.726,-2.759,-13.735 -18.059,-2.759,-13.278 -17.948,-2.717,-13.695 -19.717,-2.700,-14.167
POLY -6.248 -20.726,-2.759,-11.525 -20.726,-2.759,-14.169 -21.081,-2.759,-14.134 -21.222,-2.759,-11.830
POLY -6.248 -27.823,2.743,-5.858 -27.318,2.743,-5.810 -27.024,2.743,-7.042 -27.711,2.743,-7.042
POLY -6.248 -27.318,2.743,-5.810 -26.575,2.743,-7.497 -26.980,2.743,-7.227
POLY -6.248 -6.096,-3.160,-19.069 -3.035,-3.160,-19.069 -3.035,-3.160,-19.291
POLY -6.248 -38.417,0.864,7.296 -35.611,0.864,7.296 -35.611,0.864,0.095 -38.417,0.864,0.095
POLY -6.248 -36.043,0.864,7.296 -38.468,0.864,7.296 -38.564,0.864,7.486
POLY -6.248 46.501,0.009,2.591 45.453,0.009,4.743 46.596,0.009,4.743
POLY -6.248 -39.662,0.901,12.097 -37.509,0.901,11.144 -39.662,0.901,10.916
POLY -6.248 50.571,1.481,7.753 50.571,0.152,5.315 46.469,0.152,5.315 46.469,1.481,7.753
POLY -6.248 -28.689,1.880,-5.696 -28.889,1.880,-4.700 -28.698,1.880,-4.662 -28.499,1.880,-5.658 -27.813,1.880,-5.620 -27.737,1.880,-6.610
POLY -6.248 -3.297,-3.106,-20.568 -2.723,-2.861,-19.133 -1.359,-2.451,-19.133 -1.359,-2.524,-20.568
POLY -6.248 -28.956,0.934,-4.820 -30.480,0.934,-4.439 -28.727,0.934,-4.667
POLY -6.248 -9.538,-2.985,-20.777 -9.538,-3.008,-20.550 -6.096,-3.122,-19.069 -3.467,-3.075,-19.260
POLY -6.248 -9.106,-3.061,-20.669 -3.467,-3.061,-19.260 -3.429,-3.061,-20.669 -2.997,-3.061,-20.669 -2.997,-3.061,-26.122
POLY -6.248 -3.405,-3.045,-21.183 -3.493,-3.064,-18.442 -3.359,-3.036,-18.643 -3.239,-3.011,-20.934
POLY -6.248 -40.234,4.222,29.699 -39.261,4.222,28.010 -40.818,4.222,28.010 -40.818,4.222,29.699
POLY -6.248 -3.191,-3.023,-19.133 -2.723,-2.889,-19.133 -3.124,-3.023,-20.136
POLY -6.248 -3.252,-3.023,-20.682 -3.341,-3.023,-18.992 -3.196,-3.023,-19.065 -3.093,-3.023,-20.603
POLY -6.248 -29.680,0.934,-5.201 -28.956,0.934,-4.820 -29.032,0.934,-4.972
POLY -6.248 -28.956,0.934,-4.820 -29.680,0.934,-5.201 -29.832,0.934,-5.277 -30.480,0.934,-4.439
POLY -6.248 37.795,0.079,-9.315 37.380,0.079,-6.513 37.484,0.110,-6.306
POLY -6.248 -32.918,3.231,49.206 -40.234,3.231,46.768 -37.795,3.231,49.206
POLY -6.248 37.113,0.079,-7.015 37.415,0.079,-6.750 37.795,0.079,-9.315 37.490,0.079,-9.658
POLY -6.248 36.754,0.079,-7.525 37.186,0.079,-7.525 37.584,0.079,-10.314 36.754,0.079,-9.588
POLY -6.248 -9.538,-2.946,-19.069 -6.096,-3.150,-19.069 -9.538,-2.917,-20.550
POLY -6.248 -29.680,0.934,-5.201 -28.600,0.934,-4.820 -28.600,0.934,-5.201
POLY -6.248 -45.110,0.214,19.945 -42.672,0.214,24.822 -40.234,0.214,24.822
POLY -6.248 -40.234,0.214,24.822 -40.675,0.214,28.007 -40.528,0.214,27.860
POLY -6.248 -40.234,0.214,24.822 -40.508,0.214,27.655 -40.234,0.214,27.563
POLY -6.248 -40.535,0.214,28.181 -40.190,0.214,27.492 -40.576,0.214,27.299 -40.234,0.214,24.822 -42.672,0.214,24.822
POLY -6.248 42.672,0.009,-9.315 40.234,0.009,-9.315 40.234,0.009,-4.439 42.672,0.009,-4.439
POLY -6.248 -28.689,1.880,-5.696 -27.287,1.880,-7.042 -28.914,1.880,-7.042
POLY -6.248 50.495,1.481,12.167 50.495,1.481,11.373 50.063,1.481,11.373 49.458,1.481,13.188
POLY -6.248 -28.939,1.880,-7.194 -28.909,1.880,-7.174 -29.689,1.880,-5.188 -28.605,1.880,-5.188
POLY -6.248 -24.144,-1.829,-11.634 -22.691,-1.829,-11.513 -21.242,-1.829,-11.513 -21.064,-1.829,-14.181
POLY -6.248 -40.792,4.125,34.584 -40.234,4.164,34.576 -39.510,4.225,32.937 -40.234,4.196,29.699 -40.869,4.152,29.699
POLY -6.248 -40.234,4.166,34.576 -39.548,4.166,33.280 -39.119,3.986,33.328 -39.081,4.043,32.985 -39.510,4.222,32.937
POLY -6.248 -39.040,4.166,33.280 -39.548,4.166,33.280 -40.234,4.166,34.576 -39.040,4.166,34.576
POLY -6.248 -32.823,3.231,50.216 -40.043,3.231,51.683 -40.043,3.231,52.114 -32.823,3.231,52.114
POLY -6.248 -32.823,3.231,50.216 -37.795,3.231,49.206 -40.475,3.231,51.795 -40.475,3.231,51.770
POLY -6.248 46.596,0.009,4.743 46.825,0.009,4.896 47.549,0.009,2.877
POLY -6.248 46.501,0.009,2.591 46.596,0.009,4.743 47.549,0.009,2.877
POLY -6.248 47.549,0.152,5.315 46.469,-0.102,4.870 46.469,0.152,5.315
POLY -6.248 -40.234,4.166,34.576 -40.310,4.166,29.699 -40.818,4.166,29.699 -40.818,4.166,34.576
POLY -6.248 -39.040,4.166,34.576 -40.818,4.166,34.576 -40.818,4.166,41.675 -39.040,4.166,41.675
POLY -6.248 46.825,0.009,4.896 47.549,0.152,5.315 47.549,-0.203,2.877
POLY -6.248 47.549,0.152,5.315 46.825,0.009,4.896 46.901,0.000,5.048
POLY -6.248 13.411,2.515,-21.507 15.735,2.515,-20.060 16.707,2.515,-22.003 15.545,2.515,-23.946
POLY -6.248 18.110,2.515,-19.552 18.110,2.515,-22.003 16.707,2.515,-22.003 15.481,2.515,-19.552
POLY -6.248 -40.805,0.214,27.756 -42.672,0.214,24.822 -42.958,0.214,28.727
POLY -6.248 -40.805,0.700,29.699 -40.805,0.225,27.756 -42.958,0.191,28.727 -42.958,0.429,29.699
POLY -6.248 -30.480,0.934,-4.439 -29.832,0.934,-5.277 -29.985,0.934,-5.505
POLY -6.248 -30.480,0.934,-4.439 -33.185,0.934,-6.725 -32.918,0.934,-4.439
POLY -6.248 -30.480,0.934,-4.439 -30.480,0.934,-7.182 -33.033,0.934,-6.801 -33.226,0.934,-7.187 -33.544,0.934,-7.028
POLY -6.248 -30.480,0.934,-4.439 -29.985,0.934,-5.505 -30.033,0.934,-7.614 -30.480,0.934,-7.614
POLY -6.248 45.415,0.102,-1.276 44.044,0.010,-0.533 44.044,0.008,-0.419 44.120,0.010,-0.305
POLY -6.248 47.549,0.005,0.438 45.423,0.106,-1.524 46.163,0.104,-1.353 44.120,0.013,-0.305
POLY -6.248 45.761,0.126,-1.536 44.120,0.009,-0.305 45.954,0.126,-1.246
POLY -6.248 46.501,0.009,2.591 47.073,0.009,2.591 47.549,0.009,0.438 44.120,0.009,-0.305
POLY -6.248 -30.045,1.880,-7.544 -29.997,1.880,-5.683 -29.489,1.880,-5.696 -28.858,1.880,-7.303 -28.404,1.880,-6.395
POLY -6.248 44.044,0.009,-0.533 45.847,0.131,-1.510 45.847,0.009,-2.512
POLY -6.248 -40.805,0.711,29.699 -42.958,0.406,29.699 -42.958,1.575,34.576
POLY -6.248 -42.958,1.575,34.576 -40.805,3.231,39.453 -40.805,0.711,29.699
POLY -6.248 12.554,2.515,-21.088 12.306,2.515,-23.108 11.874,2.515,-23.108 11.874,2.515,-21.088
POLY -6.248 12.554,2.515,-21.088 13.221,2.515,-21.165 12.708,2.515,-23.539 12.253,2.515,-23.539
POLY -6.248 -40.234,0.214,15.069 -39.924,0.696,11.970 -40.234,0.588,12.402 -42.672,0.216,12.402
POLY -6.248 -40.234,0.214,15.069 -39.814,0.660,12.325 -39.967,0.610,12.402
POLY -6.248 -45.110,0.214,15.069 -40.234,0.214,15.069 -42.672,0.214,12.402 -45.110,0.214,12.402
POLY -6.248 50.571,0.169,5.315 50.571,-0.161,2.877 47.549,-0.190,2.877 47.549,0.140,5.315
POLY -6.248 13.221,2.515,-21.165 13.411,2.515,-21.507 12.932,2.515,-23.713 12.704,2.515,-23.561
POLY -6.248 -33.648,0.968,-0.479 -35.357,0.934,-0.210 -35.357,0.957,0.222 -34.252,0.989,0.222 -34.128,0.946,-0.623
POLY -6.248 47.073,0.009,2.591 46.501,0.009,2.591 47.549,0.009,2.877
POLY -6.248 -40.234,0.901,10.192 -37.967,0.901,7.169 -38.233,0.917,7.169
POLY -6.248 -30.144,1.880,-7.614 -28.715,1.880,-6.613 -28.715,1.880,-7.614
POLY -6.248 -25.327,-1.829,-11.538 -23.246,-1.829,-11.538 -24.839,-1.829,-14.172 -25.075,-1.829,-13.700 -24.689,-1.829,-13.506
POLY -6.248 -23.584,-1.829,-12.097 -21.081,-1.829,-14.167 -24.836,-1.829,-14.167
POLY -6.248 -35.357,0.934,-4.439 -33.185,0.934,-2.153 -32.918,0.934,-4.439 -33.185,0.934,-6.725
POLY -6.248 -32.775,0.934,-1.721 -35.357,0.934,-4.439 -33.047,0.934,-1.721
POLY -6.248 -40.729,0.914,9.544 -38.028,0.914,7.169 -40.124,0.914,7.169
POLY -6.248 -40.729,0.914,9.544 -40.538,0.914,10.192 -40.234,0.914,10.192 -38.519,0.914,7.601
POLY -6.248 13.106,2.515,-23.412 12.720,2.515,-23.606 12.884,2.515,-23.933 13.411,2.515,-21.507 13.411,2.515,-23.946
POLY -6.248 13.411,2.515,-21.507 15.545,2.515,-23.946 13.411,2.515,-23.946
POLY -6.248 37.795,0.079,-9.315 40.234,-0.203,-9.315 37.567,0.079,-9.811
POLY -6.248 37.795,0.079,-9.315 37.335,0.079,-10.313 37.181,0.079,-10.006
POLY -6.248 -33.047,0.934,-1.721 -35.357,0.934,-4.439 -34.315,0.934,-1.721
POLY -6.248 -34.415,0.948,-0.775 -35.357,0.948,-0.210 -34.163,0.948,-0.398
POLY -6.248 -40.234,0.901,10.192 -39.967,0.914,10.611 -39.814,0.901,10.687
POLY -6.248 -40.161,1.727,12.414 -39.649,1.727,12.414 -39.649,1.727,10.598 -40.420,1.727,10.598
POLY -6.248 50.140,0.009,0.438 47.549,0.009,0.438 47.073,0.009,2.591 47.549,0.009,2.877
POLY -6.248 -40.424,1.727,11.525 -40.234,1.727,11.906 -40.348,1.727,11.373
POLY -6.248 -42.139,1.727,11.678 -45.110,1.727,11.906 -45.110,1.727,12.414 -39.302,1.727,12.414 -40.653,1.727,11.678
POLY -6.248 -40.234,1.727,11.906 -40.348,1.727,11.106 -40.780,1.727,11.106 -40.780,1.727,11.373 -40.348,1.727,11.373
POLY -6.248 -40.653,1.727,11.678 -40.234,1.727,11.906 -40.424,1.727,11.525
POLY -6.248 40.234,0.009,-9.315 40.234,0.009,-14.192 37.567,0.009,-9.811
POLY -6.248 40.234,0.009,-14.192 37.135,0.009,-14.192 37.135,0.009,-9.101
POLY -6.248 -34.353,0.934,-1.543 -34.785,0.914,-1.543 -35.357,0.934,-0.210 -34.353,0.959,-0.812
POLY -6.248 -39.967,0.911,10.611 -40.234,0.906,10.192 -40.538,0.910,10.192 -40.462,0.917,10.611
POLY -6.248 43.986,0.009,-5.505 42.672,0.009,-4.439 45.415,0.009,-2.267
POLY -6.248 42.672,0.009,-9.315 42.672,0.009,-4.439 45.733,0.009,-7.278 45.733,0.009,-9.315
POLY -6.248 50.571,0.009,0.032 47.549,0.009,2.877 50.571,0.009,2.877
POLY -6.248 -40.234,3.048,44.329 -39.643,3.231,42.843 -39.205,3.353,41.586
POLY -6.248 -36.824,0.934,-1.200 -35.357,0.934,-0.210 -34.785,0.934,-1.848 -35.357,0.934,-4.439
POLY -6.248 -34.717,0.934,0.222 -36.824,0.934,-1.200 -35.264,0.833,0.222
POLY -6.248 -35.357,0.934,-0.210 -34.785,0.914,-1.543 -34.353,0.835,-1.543 -34.353,0.854,-1.848 -34.785,0.934,-1.848
POLY -6.248 -9.144,-3.055,-23.946 -9.106,-3.055,-20.669 -6.096,-3.055,-23.946
POLY -6.248 -9.106,-3.055,-20.669 -3.429,-3.061,-25.737 -6.096,-3.055,-23.946
POLY -6.248 -9.144,-3.055,-23.946 -9.554,-3.055,-24.082 -9.592,-3.055,-23.968 -9.182,-3.055,-23.832 -9.278,-3.055,-20.149 -9.097,-3.055,-19.877
POLY -6.248 -40.234,3.251,44.329 -39.357,3.251,41.662 -40.500,3.251,41.662
POLY -6.248 -25.578,-1.829,-12.097 -25.146,-1.829,-12.097 -24.742,-1.829,-13.862 -25.578,-1.829,-13.862
POLY -6.248 -25.146,-1.829,-12.097 -24.502,-1.829,-14.083 -24.717,-1.829,-13.975
POLY -6.248 -45.110,0.214,19.945 -45.110,0.214,24.822 -42.672,0.000,24.822
POLY -6.248 -42.958,0.214,28.727 -42.672,0.214,24.822 -45.110,0.214,24.822 -45.110,0.214,27.261
POLY -6.248 -33.609,0.934,-6.715 -30.480,0.934,-7.182 -33.422,0.934,-6.995
POLY -6.248 -34.322,0.934,-1.739 -35.357,0.934,-4.439 -34.592,0.934,-1.559
POLY -6.248 -36.824,0.934,-1.200 -38.138,0.864,-1.962 -35.738,0.864,-0.210
POLY -6.248 -35.738,0.864,-0.210 -38.570,0.864,-2.277 -38.570,0.864,-1.918
POLY -6.248 -35.329,0.864,0.037 -38.561,0.864,-1.912 -38.605,0.864,-0.720 -35.262,0.864,-0.008
POLY -6.248 -9.271,-3.055,-20.421 -9.168,-3.055,-24.360 -9.411,-3.055,-24.198 -9.411,-3.055,-20.491
POLY -6.248 -35.375,0.864,-0.032 -38.176,0.864,-0.629 -37.986,0.864,0.095 -35.481,0.864,0.095
POLY -6.248 -35.357,0.934,-4.439 -34.638,0.934,-1.178 -34.542,0.934,-1.370
POLY -6.248 -10.452,-3.055,-20.542 -9.411,-3.055,-20.542 -9.411,-3.055,-24.111 -10.452,-3.055,-24.111
POLY -6.248 -42.378,2.845,11.690 -40.191,2.845,11.690 -40.659,2.845,9.659
POLY -6.248 47.549,0.051,-1.290 45.567,0.051,-1.391 47.549,0.051,0.438
POLY -6.248 16.002,2.515,-24.479 15.545,2.515,-23.946 16.707,2.515,-22.003 17.678,2.515,-22.003
POLY -6.248 -45.110,0.710,29.699 -42.958,0.409,29.699 -42.958,0.211,28.727 -45.110,0.215,27.261
POLY -6.248 45.730,0.009,-1.931 43.986,0.009,-5.505 45.641,0.009,-1.754
POLY -6.248 -42.958,3.231,40.405 -40.805,3.231,41.358 -40.805,3.231,39.453
POLY -6.248 -42.958,1.575,34.576 -42.958,3.231,40.405 -40.805,3.231,39.453
POLY -6.248 -45.110,3.231,39.453 -42.958,0.406,29.699 -45.110,0.711,29.699
POLY -6.248 -45.110,3.231,39.453 -42.958,3.195,40.405 -42.958,1.653,34.576 -42.958,0.364,29.699
POLY -6.248 -40.957,0.914,9.392 -40.729,0.914,9.544 -40.124,0.914,7.169 -41.194,0.914,7.169
POLY -6.248 16.002,2.515,-24.479 18.110,2.515,-21.365 18.110,2.515,-24.479
POLY -6.248 45.491,0.009,-2.419 45.720,0.009,-4.439 43.986,0.009,-5.505
POLY -6.248 46.152,0.009,-4.439 45.720,0.009,-4.439 45.421,0.009,-1.799 46.152,0.009,-2.408
POLY -6.248 -40.678,2.845,9.141 -42.239,2.845,9.662 -42.062,2.845,10.192 -40.547,2.845,10.192
POLY -6.248 -42.306,2.845,11.606 -41.110,2.845,10.192 -42.578,2.845,10.192
POLY -6.248 -40.957,0.914,9.392 -41.148,0.914,7.601 -41.338,0.914,9.392
POLY -6.248 48.692,0.102,-0.248 47.549,0.102,-0.857 47.549,0.009,0.438
POLY -6.248 50.571,0.009,0.438 50.571,0.009,-0.095 48.920,0.009,-0.095 47.549,0.009,0.438
POLY -6.248 48.692,0.102,-0.248 47.549,0.009,0.438 48.920,0.009,-0.095
POLY -6.248 42.672,0.009,-9.315 40.234,0.009,-19.069 40.234,0.009,-9.315
POLY -6.248 -40.653,3.353,41.586 -40.234,3.048,44.329 -40.500,3.251,41.662
POLY -6.248 13.411,2.515,-23.946 13.106,2.515,-28.632 12.675,2.515,-28.632 12.675,2.515,-22.657
POLY -6.248 -40.805,3.231,41.358 -45.110,3.231,41.891 -45.110,3.231,44.329 -40.234,3.231,44.329
POLY -6.248 -45.110,3.231,39.453 -45.110,3.231,41.891 -40.805,3.231,41.358 -42.958,3.231,40.405
POLY -6.248 -41.338,0.914,9.392 -41.102,0.914,7.169 -43.372,0.914,7.169
POLY -6.248 -41.338,0.914,9.392 -43.409,0.914,7.129 -43.409,0.914,9.632
POLY -6.248 -41.338,0.914,9.392 -42.977,0.914,9.582 -42.101,0.914,9.620
POLY -6.248 -41.338,0.914,9.392 -42.101,0.914,9.620 -41.567,0.914,9.506
POLY -6.248 45.720,0.102,-4.439 45.377,0.102,-6.420 43.986,0.009,-5.505
POLY -6.248 43.986,0.009,-5.505 45.733,0.132,-6.923 45.733,0.009,-7.328
POLY -6.248 45.740,0.126,-6.659 45.644,0.126,-6.851 43.986,0.009,-5.505
POLY -6.248 -45.110,1.727,11.906 -42.139,1.727,11.678 -42.367,1.727,11.525
POLY -6.248 -42.647,2.845,10.057 -42.369,2.845,11.278 -41.948,2.845,11.182 -42.139,2.845,10.192 -42.647,2.845,10.192
POLY -6.248 47.564,0.102,-1.289 47.549,0.102,-0.857 48.616,0.102,-0.400 48.616,0.102,-1.251
POLY -6.248 47.549,0.102,-0.857 48.692,0.102,-0.248 48.616,0.102,-0.400
POLY -6.248 -45.110,1.727,11.906 -42.367,1.727,11.525 -42.620,1.727,10.598 -47.477,1.727,10.598
POLY -6.248 -36.824,0.934,-1.200 -38.291,0.934,-2.191 -38.650,0.934,-1.951 -38.984,0.934,-2.453
POLY -6.248 -36.824,0.934,-1.200 -35.357,0.934,-4.439 -37.795,0.934,-4.439 -38.291,0.934,-2.191
POLY -6.248 16.002,2.515,-24.479 15.773,2.515,-24.632 13.411,2.515,-23.946 15.545,2.515,-23.946
POLY -6.248 15.697,2.515,-27.070 13.411,2.515,-23.946 15.697,2.515,-24.784
POLY -6.248 15.697,2.515,-27.070 13.411,2.515,-28.823 13.106,2.515,-28.632 13.411,2.515,-23.946
POLY -6.248 15.697,2.515,-24.784 13.411,2.515,-23.946 15.773,2.515,-24.632
POLY -6.248 -37.795,3.231,49.206 -40.234,3.231,46.768 -40.234,3.231,49.206 -40.043,3.231,51.378
POLY -6.248 -41.415,3.231,46.272 -40.234,3.231,44.329 -41.567,3.231,46.196
POLY -6.248 -45.110,3.231,44.329 -46.711,3.231,46.196 -41.567,3.231,46.196 -40.234,3.231,44.329
POLY -6.248 -40.234,3.231,44.329 -41.415,3.231,46.272 -41.262,3.231,46.501 -40.234,3.231,46.768
POLY -6.248 -35.357,0.934,-4.439 -32.775,0.934,-7.156 -34.315,0.934,-7.156
POLY -6.248 -42.101,0.914,9.620 -42.977,0.914,9.582 -42.520,0.914,9.811
POLY -6.248 -38.345,1.096,0.335 -37.986,0.864,0.095 -38.176,0.864,-0.629 -38.070,1.005,0.747
POLY -6.248 45.259,0.102,-7.103 45.720,0.102,-4.439 46.152,0.102,-4.439 46.152,0.102,-6.309
POLY -6.248 -42.596,0.914,10.611 -42.634,0.914,10.192 -44.199,0.914,9.455 -46.558,0.914,9.455 -46.558,0.914,9.887
POLY -6.248 -42.596,0.914,10.611 -46.990,0.914,9.808 -46.990,0.914,10.611
POLY -6.248 -35.357,0.934,-7.182 -35.357,0.934,-4.439 -34.322,0.934,-7.138 -34.470,0.934,-7.236 -34.709,0.934,-6.877
POLY -6.248 -35.357,0.934,-7.182 -38.443,0.934,-6.725 -37.795,0.934,-4.439 -35.357,0.934,-4.439
POLY -6.248 -38.176,0.864,-0.629 -38.586,0.750,-0.765 -38.385,0.750,-1.368 -38.138,0.914,-0.133
POLY -6.248 -38.291,0.918,-0.210 -38.484,0.997,0.177 -38.031,0.980,0.403 -38.306,0.806,-0.972 -38.754,0.901,-0.673
POLY -6.248 -43.413,0.914,9.435 -43.713,0.914,9.684 -42.634,0.914,10.192 -42.634,0.914,10.001
POLY -6.248 -42.520,0.914,9.811 -43.366,0.914,9.388 -43.403,0.914,9.442 -42.634,0.914,10.001
POLY -6.248 -6.096,-3.055,-28.823 -9.538,-3.055,-28.256 -9.576,-3.055,-23.946 -6.096,-3.055,-23.946
POLY -6.248 -6.096,-3.055,-28.823 -6.096,-3.055,-23.946 -3.429,-3.055,-25.737 -3.070,-3.055,-25.497 -2.967,-3.055,-25.651
POLY -6.248 -39.776,1.067,-0.362 -40.234,1.067,-0.210 -40.234,0.965,0.222 -38.291,0.813,0.222 -38.291,0.914,-0.210
POLY -6.248 -38.875,0.914,-0.794 -39.776,1.017,-0.794 -39.776,1.067,-0.362 -38.291,0.914,-0.210
POLY -6.248 -46.571,0.214,26.661 -46.571,0.214,27.964 -45.110,0.214,27.261 -45.110,0.214,24.822
POLY -6.248 -45.110,0.214,19.945 -46.380,0.214,22.254 -46.380,0.214,24.822 -45.110,0.214,24.822
POLY -6.248 -46.675,0.214,26.792 -45.110,0.214,24.822 -46.385,0.214,24.822
POLY -6.248 -46.571,0.235,27.964 -46.571,0.113,27.373 -45.110,0.713,29.699 -45.110,0.212,27.261
POLY -6.248 -40.234,2.997,46.768 -41.694,2.972,46.389 -41.262,3.018,46.806 -41.262,3.300,49.054
POLY -6.248 -40.234,2.997,46.768 -41.262,3.302,49.054 -40.234,3.231,49.206
POLY -6.248 42.672,-0.204,-9.315 46.058,0.125,-11.769 45.763,0.094,-11.180 45.377,0.059,-11.373 45.720,0.103,-14.192
POLY -6.248 42.672,0.009,-9.315 46.152,0.009,-14.883 46.152,0.009,-17.503 44.196,0.009,-18.383
POLY -6.248 42.672,0.009,-9.315 45.733,0.009,-9.315 45.733,0.009,-11.533
POLY -6.248 42.672,0.009,-9.315 44.196,0.009,-18.383 42.672,0.009,-19.069 40.234,0.009,-19.069
POLY -6.248 -46.224,0.214,21.970 -45.110,0.214,19.945 -46.579,0.214,21.009
POLY -6.248 -46.558,0.214,19.945 -46.340,0.214,21.181 -46.588,0.214,21.016 -45.110,0.214,19.945
POLY -6.248 -46.558,0.214,19.945 -45.110,0.214,19.945 -45.110,0.214,15.069 -46.368,0.214,14.078
POLY -6.248 -45.110,0.712,29.699 -46.139,0.303,28.061 -47.371,0.933,30.583 -47.371,1.930,34.576 -46.939,1.930,34.576
POLY -6.248 -45.110,0.711,29.699 -46.939,1.930,34.576 -45.110,1.930,34.576
POLY -6.248 36.716,0.009,-17.736 37.148,0.009,-17.736 37.567,0.009,-14.192 37.148,0.009,-18.040 36.716,0.009,-18.040
POLY -6.248 37.567,0.009,-14.192 40.234,0.009,-19.069 37.795,0.009,-19.069
POLY -6.248 37.567,0.009,-14.192 40.234,0.009,-14.192 40.234,0.009,-19.069
POLY -6.248 37.567,0.009,-14.192 37.795,0.009,-19.069 37.148,0.009,-18.040
POLY -6.248 37.148,0.009,-17.736 37.490,0.009,-14.535 37.069,0.009,-14.441 37.145,0.009,-14.099 37.567,0.009,-14.192
POLY -6.248 49.492,1.676,-0.781 49.492,1.676,-1.213 48.603,1.676,-1.213 48.603,1.676,-0.083 50.140,1.676,-0.083 50.140,1.676,-0.591
POLY -6.248 37.278,0.009,-14.256 37.148,0.009,-17.736 36.716,0.009,-17.736 36.716,0.009,-14.256
POLY -6.248 37.550,0.009,-13.976 37.148,0.009,-17.736 37.282,0.009,-14.155
POLY -6.248 -36.274,0.934,-7.614 -34.205,0.934,-6.640 -34.448,1.358,-7.614
POLY -6.248 18.090,3.454,-24.467 18.207,3.454,-27.388 15.684,3.454,-27.388 15.684,3.454,-24.467
POLY -6.248 49.517,1.676,-1.212 49.492,1.676,-0.781 50.571,1.676,-0.464 50.571,1.676,-1.150
POLY -6.248 3.658,-3.055,-28.823 3.658,-3.055,-27.207 3.558,-3.055,-27.322 3.886,-3.055,-27.603 5.182,-3.055,-26.308
POLY -6.248 3.658,-3.055,-28.823 5.406,-3.055,-25.938 7.560,-3.055,-27.110 7.353,-3.055,-27.489 8.534,-3.055,-28.823
POLY -6.248 5.613,-3.055,-25.876 3.454,-3.055,-28.035 3.454,-3.055,-25.876
POLY -6.248 -38.443,0.934,-6.725 -38.291,0.934,-2.191 -37.795,0.934,-4.439
POLY -6.248 -38.443,0.934,-6.725 -40.234,0.934,-4.439 -37.766,0.934,-1.446 -38.274,0.934,-1.700
POLY -6.248 -45.110,0.214,15.069 -45.110,0.214,12.402 -45.987,0.214,13.354 -46.368,0.214,14.078
POLY -6.248 -47.409,2.850,38.329 -47.409,2.649,37.576 -45.110,3.230,39.453 -45.110,1.931,34.576
POLY -6.248 -47.418,2.872,38.343 -45.110,1.930,34.576 -47.371,1.930,34.576
POLY -6.248 -1.931,-3.055,-25.825 1.346,-3.055,-25.884 1.346,-3.055,-27.873
POLY -6.248 -38.087,0.934,-1.835 -40.234,0.934,-4.439 -39.685,0.934,-1.835
POLY -6.248 -46.139,0.305,28.061 -46.498,0.176,27.821 -46.651,0.227,28.050 -46.291,0.356,28.289 -46.939,0.711,29.699
POLY -6.248 -1.543,-3.055,-30.918 -6.096,-3.055,-31.261 -6.096,-3.055,-28.823 -3.277,-3.055,-25.965
POLY -6.248 -1.543,-3.055,-30.918 -3.470,-3.055,-25.412 -3.436,-3.055,-25.427 -1.219,-3.055,-28.823
POLY -6.248 -3.010,-3.055,-26.079 -3.010,-3.055,-25.648 -2.755,-3.055,-25.648 -2.084,-3.055,-25.729 0.914,-3.055,-27.603
POLY -6.248 -40.234,1.067,-0.210 -39.257,1.067,-0.535 -39.746,1.067,-0.860
POLY -6.248 -3.010,-3.055,-26.079 1.615,-3.055,-27.875 1.469,-3.055,-27.658 -1.219,-3.055,-28.823
POLY -6.248 -46.939,0.711,29.699 -46.004,0.198,27.662 -46.224,0.198,27.773
POLY -6.248 -35.357,0.934,-7.182 -35.357,0.921,-7.614 -37.186,0.902,-7.614 -37.186,0.914,-7.182 -38.443,0.914,-6.725
POLY -6.248 -40.234,3.231,49.206 -40.378,3.231,51.572 -40.234,3.231,51.668
POLY -6.248 -40.234,3.231,49.206 -41.262,3.302,49.054 -41.338,3.231,49.206
POLY -6.248 -40.234,3.231,49.206 -41.969,3.231,51.505 -40.374,3.231,51.505
POLY -6.248 -40.234,3.231,49.206 -41.338,3.231,49.206 -41.567,3.231,49.359 -41.643,3.231,51.073
POLY -6.248 -39.977,3.231,52.132 -40.234,3.231,49.206 -40.234,3.231,51.824
POLY -6.248 -47.371,0.711,29.699 -46.939,0.711,29.699 -46.284,0.240,27.934 -47.371,0.240,27.934
POLY -6.248 -46.368,0.214,21.025 -46.558,0.214,19.945 -46.990,0.214,19.945 -46.990,0.214,21.025
POLY -6.248 -45.987,0.214,12.706 -45.110,0.214,12.402 -46.139,0.214,12.478
POLY -6.248 -45.987,0.214,13.354 -45.110,0.214,12.402 -45.987,0.214,12.706
POLY -6.248 -46.139,0.214,12.478 -45.110,0.214,12.402 -46.291,0.214,12.402
POLY -6.248 -40.234,1.067,-0.210 -39.715,1.067,-0.901 -39.888,1.067,-1.246
POLY -6.248 -41.491,0.999,-1.657 -41.850,1.087,-1.418 -41.698,1.104,-1.189 -41.338,1.016,-1.429 -40.234,1.067,-0.210
POLY -6.248 -40.234,0.999,-4.439 -41.491,0.999,-1.657 -40.234,0.999,-0.210
POLY -6.248 -40.234,1.067,-0.210 -41.770,0.996,-1.905 -41.770,1.067,-1.481
POLY -6.248 -39.712,1.067,0.222 -41.770,1.067,-1.481 -41.770,1.067,0.222
POLY -6.248 -40.234,1.067,-0.210 -40.081,1.016,-1.429 -39.649,1.311,-1.429 -39.649,1.243,-1.962 -40.081,0.948,-1.962
POLY -6.248 -40.234,0.934,-4.439 -40.234,1.067,-0.210 -40.081,0.948,-1.962
POLY -6.248 -39.649,1.102,-1.429 -40.081,1.016,-1.429 -40.234,1.067,-0.210 -40.081,1.067,-0.667 -39.649,1.153,-0.667
POLY -6.248 -41.250,4.081,49.371 -41.250,4.081,46.184 -45.110,4.724,46.184 -45.110,4.724,49.371
POLY -6.248 -44.191,1.727,12.414 -46.990,1.727,10.868 -46.990,1.727,12.414
POLY -6.248 -46.990,0.214,19.945 -46.558,0.214,19.945 -46.351,0.214,13.564 -46.990,0.214,13.948
POLY -6.248 8.534,-3.055,-27.057 8.534,-3.055,-28.823 6.971,-3.055,-27.057
POLY -6.248 13.411,-3.055,-31.261 8.649,-3.055,-33.433 8.534,-3.055,-28.823 8.534,-3.055,-27.489
POLY -6.248 13.411,-3.055,-31.261 7.976,-3.055,-27.057 13.411,-3.055,-27.057
POLY -6.248 -45.110,3.231,39.453 -49.073,3.231,39.948 -49.530,3.231,42.139 -45.110,3.231,41.891
POLY -6.248 -45.110,3.231,39.453 -47.411,2.714,37.828 -47.637,2.774,38.054
POLY -6.248 -45.110,3.231,39.453 -47.320,2.654,37.649 -47.410,2.714,37.829
POLY -6.248 -49.813,3.231,40.040 -45.110,3.231,39.453 -47.642,2.773,38.051
POLY -6.248 -40.234,0.934,-4.439 -39.867,0.951,-1.739 -39.684,0.934,-1.830
POLY -6.248 -46.723,0.254,14.897 -46.139,0.254,13.583 -46.723,0.254,13.729
POLY -6.248 -39.841,0.948,-1.544 -40.234,0.948,-4.439 -40.037,0.948,-1.250
POLY -6.248 3.658,-3.055,-28.823 1.448,-3.055,-27.908 1.440,-3.055,-27.477 3.658,-3.055,-27.438
POLY -6.248 1.771,-3.055,-27.701 -1.219,-3.055,-28.823 1.584,-3.055,-27.608
POLY -6.248 1.144,-3.055,-27.476 1.448,-3.055,-27.476 1.448,-3.055,-27.908 3.658,-3.055,-28.823 1.714,-3.055,-30.766
POLY -6.248 1.219,-3.055,-27.908 1.789,-3.055,-31.198 -0.474,-3.055,-31.198 -1.219,-3.055,-28.823
POLY -0.668 13.411,2.515,-28.823 15.697,2.515,-27.070 15.850,2.515,-27.299
POLY -6.248 -43.891,3.231,49.359 -41.643,3.231,51.073 -41.567,3.231,49.359
POLY -6.248 17.335,-3.055,-27.489 15.850,-3.055,-28.823 13.411,-3.055,-28.823 13.411,-3.055,-27.489
POLY -6.248 -46.001,0.470,13.713 -45.908,0.479,11.866 -47.261,1.200,13.219 -47.107,1.138,12.449
POLY -6.248 -46.104,0.546,13.595 -47.372,1.270,12.147 -47.010,0.546,13.595
POLY -6.248 -36.682,0.914,-7.365 -36.995,0.914,-7.574 -38.214,0.914,-6.877 -38.454,0.914,-7.236 -38.682,0.914,-7.084 -38.443,0.914,-6.725
POLY -6.248 -47.086,1.054,12.454 -46.711,0.914,12.668 -46.444,0.762,12.402 -47.056,1.034,12.402
POLY -0.668 15.850,2.515,-27.299 16.002,2.515,-27.375 17.907,2.515,-28.823 13.411,2.515,-28.823
POLY -6.248 -45.110,3.231,44.329 -45.110,3.231,41.891 -49.530,3.231,42.139 -49.987,3.231,44.329
POLY -0.668 18.314,2.515,-27.375 17.907,2.515,-26.562 17.907,2.515,-28.823 16.002,2.515,-27.375
POLY -6.248 36.805,0.009,-19.069 37.071,0.009,-18.193 36.685,0.009,-18.000 36.878,0.009,-17.613 37.795,0.009,-19.069
POLY -6.248 -37.015,0.914,-7.502 -37.134,0.993,-7.739 -38.138,0.914,-7.029
POLY -6.248 -37.414,0.914,-7.334 -38.750,0.914,-6.772 -38.890,0.914,-6.491
POLY -6.248 37.305,0.009,-17.423 36.805,0.009,-19.069 36.373,0.009,-19.069 36.373,0.009,-18.223
POLY -6.248 -37.059,0.965,-7.283 -38.570,0.965,-8.795 -38.570,0.965,-6.725 -37.059,0.965,-7.791
POLY -6.248 3.658,-3.055,-28.823 8.534,-3.055,-28.823 6.248,-3.055,-31.223 5.905,-3.055,-31.299
POLY -6.248 -37.059,1.016,-9.793 -38.214,1.016,-8.515 -37.059,1.016,-7.238
POLY -6.248 -41.669,1.008,-1.264 -40.234,0.934,-4.439 -41.843,0.934,-1.351
POLY -6.248 2.781,-3.055,-31.261 3.658,-3.055,-28.823 2.934,-3.055,-31.337
POLY -6.248 3.658,-3.055,-28.823 2.963,-3.055,-32.159 2.777,-3.055,-31.881
POLY -6.248 3.658,-3.055,-33.014 2.654,-3.055,-30.940 2.654,-3.055,-31.566 3.086,-3.055,-31.566 3.658,-3.055,-28.823
POLY -6.248 3.658,-3.055,-33.445 3.658,-3.055,-28.823 5.905,-3.055,-31.299 3.759,-3.055,-33.445
POLY -6.248 1.714,-3.055,-30.766 3.658,-3.055,-28.823 2.781,-3.055,-31.261
POLY -6.248 17.335,-3.055,-27.489 17.869,-3.055,-27.870 18.288,-3.055,-28.823 15.850,-3.055,-28.823
POLY -6.248 6.477,-3.055,-31.223 8.534,-3.055,-28.823 6.629,-3.055,-31.299
POLY -6.248 8.534,-3.055,-28.823 8.649,-3.055,-33.433 8.534,-3.055,-33.242
POLY -6.248 8.458,-3.055,-33.166 8.534,-3.055,-28.823 8.534,-3.055,-33.242
POLY -6.248 6.248,-3.055,-31.223 8.534,-3.055,-28.823 6.477,-3.055,-31.223
POLY -6.248 6.629,-3.055,-31.299 8.534,-3.055,-28.823 8.458,-3.055,-33.090
POLY -6.248 -43.891,3.231,49.359 -43.701,3.231,51.073 -41.910,3.231,51.149 -41.791,3.231,51.564 -41.215,3.231,51.400
POLY -6.248 -38.105,0.934,-7.156 -39.406,0.934,-7.156 -40.234,0.934,-6.191 -40.234,0.934,-4.439
POLY -6.248 -43.453,0.934,-5.544 -41.778,0.934,-1.302 -41.868,0.934,-1.302 -40.234,0.934,-4.439
POLY -6.248 45.720,0.102,-14.192 45.308,0.102,-10.808 45.583,0.102,-10.991
POLY -6.248 36.805,0.009,-19.069 37.795,0.009,-19.069 37.452,0.009,-20.212 37.071,0.009,-19.793
POLY -6.248 36.373,0.009,-19.069 36.805,0.009,-19.069 37.378,0.009,-20.624 36.373,0.009,-19.763
POLY -0.668 13.106,2.515,-28.632 13.411,2.515,-28.823 12.992,2.515,-28.823
POLY -6.248 -40.996,0.934,-6.153 -40.234,0.934,-4.439 -40.843,0.934,-6.077
POLY -6.248 -40.843,0.934,-6.077 -40.234,0.934,-4.439 -40.424,0.934,-6.077
POLY -6.248 -40.424,0.934,-6.077 -40.234,0.934,-4.439 -40.234,0.934,-6.191
POLY -6.248 -43.453,0.934,-5.544 -40.234,0.934,-4.439 -40.996,0.934,-6.153 -40.609,0.934,-6.346 -40.611,0.934,-6.349
POLY -6.248 -45.110,3.231,44.329 -49.987,3.231,44.329 -46.863,3.231,46.272 -46.711,3.231,46.196
POLY -6.248 -1.543,-3.055,-30.918 -1.219,-3.054,-28.823 -1.219,-3.050,-30.918 -1.219,-3.047,-33.014
POLY -6.248 -1.219,-3.037,-30.918 -1.219,-3.066,-28.823 -0.914,-3.087,-31.071 -0.483,-3.160,-31.071 -0.483,-3.134,-32.976 -0.914,-3.060,-32.976
POLY -6.248 -1.219,-3.055,-28.823 -0.630,-3.055,-31.423 -0.827,-3.111,-31.717
POLY -6.248 -1.219,-3.055,-28.823 -0.479,-3.055,-31.183 -0.664,-3.055,-31.276
POLY -6.248 -41.604,3.231,51.456 -41.367,3.231,51.172 -44.756,3.231,51.028 -43.741,3.231,51.535 -43.548,3.231,51.149
POLY -6.248 -41.948,0.934,-1.734 -44.158,0.934,-2.153 -44.397,0.934,-1.793 -44.905,0.934,-2.132
POLY -6.248 -41.948,0.934,-1.302 -41.948,0.934,-1.734 -44.396,0.934,-2.063 -44.179,0.934,-1.302
POLY -6.248 -43.453,0.934,-5.544 -45.110,0.934,-4.439 -44.158,0.934,-2.153 -41.948,0.934,-1.734
POLY -0.546 19.164,3.302,-35.719 18.402,3.302,-35.719 18.402,3.302,-27.284 19.164,3.302,-27.360
POLY -0.668 12.802,2.515,-28.937 12.992,2.515,-28.823 17.907,2.515,-28.823 17.907,2.515,-28.937
POLY -6.248 19.431,-2.692,-27.870 18.288,-3.055,-28.823 17.869,-3.055,-27.870
POLY -6.248 46.152,0.102,-14.192 45.720,0.102,-14.192 45.587,0.102,-11.093 46.152,0.102,-11.093
POLY -0.569 17.907,2.515,-37.014 13.411,2.515,-38.576 12.421,2.515,-38.576 12.421,2.515,-28.937
POLY -0.668 17.907,2.515,-37.014 12.421,2.515,-28.937 17.907,2.515,-28.937
POLY -6.248 -48.021,2.876,38.400 -47.701,2.946,38.691 -46.773,2.740,37.840 -47.511,2.740,37.840
POLY -6.248 17.983,-3.055,-30.956 13.411,-3.055,-31.261 13.411,-3.055,-28.823 15.850,-3.055,-28.823
POLY -6.248 -42.101,3.231,51.810 -42.101,3.231,51.378 -44.196,3.231,51.047 -43.560,3.231,51.810
POLY -6.248 23.165,-1.547,-27.362 23.165,-1.727,-27.794 18.808,-2.854,-27.883 19.328,-2.506,-27.362
POLY -6.248 37.795,0.009,-19.069 37.515,0.009,-21.085 37.291,0.009,-20.749
POLY -6.248 37.795,0.009,-23.946 37.605,0.009,-20.441 37.795,0.009,-19.069 40.234,0.009,-19.069
POLY -6.248 23.165,-1.739,-28.823 18.288,-3.042,-28.823 19.962,-2.556,-27.427 23.165,-1.699,-27.362
POLY -6.248 -40.234,0.895,-9.315 -37.059,0.895,-9.315 -37.059,0.895,-10.776 -40.234,0.895,-10.776
POLY -6.248 -37.490,1.016,-9.315 -38.828,1.087,-8.406 -38.507,1.016,-8.192
POLY -6.248 -40.234,0.895,-9.315 -39.091,0.895,-8.236 -39.078,0.895,-8.236 -37.490,0.895,-9.315
POLY -6.248 15.850,-3.055,-28.823 18.288,-3.055,-28.823 17.983,-3.055,-30.956
POLY -6.248 -47.230,2.842,38.259 -47.968,2.842,38.259 -48.478,2.978,38.819 -48.158,3.048,39.110
POLY -6.248 -9.574,-3.055,-28.250 -6.096,-3.055,-28.823 -9.750,-3.055,-28.515
POLY -6.248 -6.096,-3.055,-28.823 -8.534,-3.055,-28.823 -9.411,-2.946,-28.632
POLY -6.248 -10.973,-3.055,-33.699 -10.973,-3.055,-28.823 -8.534,-3.055,-28.823 -6.096,-3.055,-28.823
POLY -6.248 -10.973,-3.055,-33.699 -6.096,-3.055,-28.823 -6.096,-3.055,-31.261
POLY -6.248 -40.234,0.934,-6.191 -39.493,0.934,-7.055 -39.678,0.934,-7.178
POLY -6.248 -43.653,3.231,51.505 -43.891,3.231,49.359 -45.110,3.231,49.359 -44.824,3.231,51.505
POLY -6.248 -47.028,3.826,46.184 -47.028,3.826,49.371 -45.110,4.724,49.371 -45.110,4.724,46.184
POLY -6.248 23.165,-1.765,-28.823 23.165,-1.841,-30.880 18.288,-3.093,-30.880 18.288,-3.017,-28.823
POLY -6.248 17.983,-3.055,-30.956 18.288,-3.055,-28.823 18.097,-3.055,-30.880
POLY -6.248 18.097,-3.055,-30.880 18.288,-3.055,-28.823 18.288,-3.055,-30.880
POLY -6.248 -47.679,2.920,38.678 -48.429,2.920,38.678 -48.862,3.065,39.166 -48.539,3.150,39.453
POLY -6.248 -8.534,-3.055,-28.823 -10.973,-2.896,-28.632 -10.973,-2.713,-28.200 -9.411,-2.764,-28.200 -9.411,-2.946,-28.632
POLY -6.248 -10.973,-2.896,-28.632 -8.534,-3.090,-28.823 -10.973,-2.985,-28.823 -13.411,-2.880,-28.823
POLY -6.248 25.603,-1.118,-28.823 23.165,-1.727,-27.794 23.165,-1.727,-27.362 25.603,-1.118,-27.362
POLY -6.248 25.603,-1.119,-28.823 23.489,-1.769,-30.956 23.165,-1.755,-28.823 23.165,-1.708,-27.794
POLY -6.248 -40.271,1.829,-6.064 -39.785,1.829,-6.982 -40.234,1.829,-7.220 -41.161,1.829,-6.150 -41.118,1.829,-6.064
POLY -6.248 37.795,0.009,-23.946 37.605,0.009,-26.727 37.173,0.009,-26.727 37.173,0.009,-20.441 37.605,0.009,-20.441
POLY -6.248 -40.234,1.829,-7.220 -40.234,1.829,-8.477 -40.881,1.829,-7.868 -41.350,1.829,-8.172 -42.089,1.829,-7.034
POLY -6.248 -40.234,1.829,-6.350 -39.654,1.829,-7.363 -39.594,1.829,-8.745 -40.234,1.829,-9.129
POLY -6.248 -40.234,1.829,-7.220 -41.885,1.829,-7.055 -41.885,1.829,-6.628 -41.105,1.829,-6.215
POLY -6.248 -43.453,0.934,-5.544 -41.034,0.934,-6.229 -41.796,0.934,-6.648
POLY -6.248 1.120,-3.167,-30.499 2.781,-3.167,-31.261 1.397,-3.167,-30.915
POLY -6.248 -48.539,3.150,39.453 -48.733,2.979,39.066 -48.957,2.979,39.179 -49.392,3.071,39.657 -49.073,3.231,39.948
POLY -6.248 -10.973,-2.812,-28.200 -10.973,-2.896,-28.632 -13.411,-2.845,-28.823 -14.656,-2.679,-28.200
POLY -6.248 -39.548,0.895,-8.668 -40.234,0.895,-9.315 -40.234,0.895,-9.087
POLY -6.248 -13.665,-2.857,-28.205 -15.850,-2.494,-28.823 -15.850,-2.410,-27.286 -13.665,-2.807,-27.286
POLY -6.248 1.587,-3.167,-30.963 2.781,-3.167,-31.261 2.760,-3.167,-31.692 1.587,-3.167,-31.634
POLY -6.248 37.795,0.009,-23.946 40.234,0.009,-19.069 40.234,0.009,-23.946
POLY -6.248 40.234,0.009,-19.069 42.672,0.009,-19.069 44.882,0.009,-19.717
POLY -6.248 45.053,0.009,-23.946 40.234,0.009,-19.069 44.882,0.009,-19.717
POLY -6.248 45.053,0.009,-23.946 40.234,0.009,-23.946 40.234,0.009,-19.069
POLY -6.248 -13.411,-3.055,-33.699 -13.411,-3.055,-28.823 -10.973,-3.055,-28.823 -10.973,-3.055,-33.699
POLY -6.248 -44.827,3.231,51.556 -44.818,3.231,51.550 -45.110,3.231,49.359 -46.711,3.231,49.359
POLY -6.248 -1.219,-3.048,-30.918 -0.851,-3.048,-33.403 -1.219,-3.048,-33.449
POLY -6.248 -1.543,-3.055,-30.918 -1.152,-3.055,-33.445 -1.934,-3.055,-33.445
POLY -6.248 -1.543,-3.055,-30.918 -1.936,-3.055,-33.458 -2.471,-3.055,-33.527 -6.096,-3.055,-31.261
POLY -6.248 -43.978,0.934,-1.721 -45.110,0.934,-4.439 -45.518,0.934,-1.721
POLY -6.248 28.366,-0.642,-27.362 28.042,-0.671,-28.823 25.603,-1.107,-28.823 25.603,-1.136,-27.362
POLY -6.248 -39.808,1.829,-8.878 -40.736,1.829,-9.408 -41.381,1.829,-8.118 -40.881,1.829,-7.868
POLY -6.248 -49.987,3.231,44.329 -47.015,3.048,46.501 -46.863,2.997,46.272
POLY -6.248 5.846,-0.660,-31.326 6.210,-0.660,-31.680 4.789,-0.660,-33.433 4.123,-0.660,-33.100
POLY -6.248 6.782,-0.660,-32.214 5.067,-0.660,-33.090 6.210,-0.660,-31.680
POLY -6.248 7.442,-0.660,-32.830 6.210,-0.660,-31.680 6.559,-0.660,-31.244 7.442,-0.660,-31.950
POLY -6.248 5.575,-0.660,-31.172 6.535,-0.660,-31.172 7.141,-0.660,-31.778 6.782,-0.660,-32.137
POLY -6.248 -49.530,3.231,42.139 -48.983,3.231,39.516 -49.074,3.231,39.516
POLY -6.248 23.165,-1.727,-28.823 23.489,-1.778,-30.956 23.374,-1.829,-30.880
POLY -6.248 23.165,-1.727,-28.823 23.374,-1.829,-30.880 23.165,-1.880,-30.880
POLY -6.248 -49.445,3.374,39.632 -49.759,3.336,42.348 -49.530,3.247,42.139 -49.011,3.211,39.154
POLY -6.248 -41.872,0.895,-6.801 -45.110,0.895,-4.439 -41.796,0.934,-6.648
POLY -6.248 -13.470,-2.870,-28.489 -15.850,-2.489,-28.823 -13.660,-2.870,-28.204
POLY -6.248 -15.850,-2.410,-27.286 -15.850,-2.494,-28.823 -17.234,-2.031,-28.103 -17.234,-1.987,-27.286
POLY -6.248 -50.635,3.231,46.768 -47.015,3.231,49.054 -47.015,3.231,46.501 -49.987,3.231,44.329
POLY -6.248 13.411,-3.055,-33.699 8.649,-3.055,-33.433 13.411,-3.055,-31.261 17.983,-3.055,-30.956
POLY -6.248 -40.234,1.067,-9.315 -40.653,0.912,-9.125 -40.234,1.067,-9.087
POLY -6.248 7.163,-3.124,-31.909 7.163,-3.124,-31.833 8.458,-3.124,-33.090 8.458,-3.124,-33.166
POLY -6.248 -41.872,0.895,-6.801 -41.872,0.895,-7.029 -45.110,0.895,-9.315 -46.253,0.895,-7.525
POLY -6.248 -41.872,0.895,-6.801 -46.253,0.895,-7.525 -45.110,0.895,-4.439
POLY -6.248 3.086,-3.055,-31.833 3.867,-3.055,-33.445 3.034,-3.055,-33.445
POLY -6.248 -12.978,-2.915,-28.557 -15.850,-2.489,-28.823 -13.190,-2.915,-28.450
POLY -6.248 2.055,-1.270,-31.198 3.200,-1.270,-31.198 3.045,-1.270,-33.445 1.900,-1.270,-33.445
POLY -6.248 -15.850,-2.489,-28.823 -13.792,-2.794,-28.632 -13.411,-2.845,-28.823
POLY -6.248 -13.411,-3.055,-33.699 -15.850,-3.055,-31.261 -15.850,-3.055,-28.823 -13.411,-3.055,-28.823
POLY -6.248 30.747,0.009,-27.261 28.575,-0.559,-27.070 28.470,-0.499,-26.651 28.623,-0.448,-26.613 28.727,-0.508,-27.032
POLY -6.248 30.747,0.009,-27.261 28.143,-0.733,-27.535 28.143,-0.672,-27.032
POLY -6.248 -40.234,0.895,-9.315 -40.234,0.895,-10.776 -42.839,0.895,-10.776 -45.110,0.895,-9.315
POLY -6.248 30.747,0.009,-27.261 28.727,-0.508,-27.032 28.727,-0.544,-26.600 30.967,0.009,-26.600
POLY -6.248 -45.110,0.895,-9.315 -41.872,0.895,-7.029 -41.872,0.912,-7.258
POLY -6.248 -45.110,3.231,51.225 -46.711,3.231,49.359 -46.825,3.231,51.035
POLY -6.248 -44.612,3.231,51.281 -47.424,3.231,50.968 -46.769,3.231,51.810 -45.009,3.231,51.810
POLY -6.248 -45.110,0.912,-9.315 -41.872,0.912,-7.258 -41.796,0.912,-7.410
POLY -6.248 6.762,-0.660,-31.486 8.774,-0.660,-33.443 8.451,-0.660,-34.414 6.885,-0.660,-36.026
POLY -6.248 6.782,-0.660,-32.214 6.876,-0.660,-35.692 5.371,-0.660,-34.047
POLY -6.248 6.782,-0.660,-32.214 5.372,-0.660,-34.046 4.667,-0.660,-33.294
POLY -6.248 -41.796,0.912,-7.410 -41.300,0.912,-8.172 -40.919,0.912,-8.934 -45.110,0.912,-9.315
POLY -6.248 -49.797,3.353,39.935 -50.068,3.353,40.233 -49.759,3.353,42.348 -49.480,3.353,39.935
POLY -6.248 -40.653,0.912,-9.125 -45.110,0.912,-9.315 -40.919,0.912,-8.934
POLY -6.248 18.288,-3.055,-33.369 17.867,-3.055,-33.369 18.097,-3.055,-30.880 18.288,-3.055,-30.880
POLY -6.248 17.907,-3.055,-32.937 17.678,-3.055,-33.090 17.983,-3.055,-30.956 18.097,-3.055,-30.880
POLY -6.248 30.480,0.017,-28.823 28.042,-0.670,-28.823 28.575,-0.599,-27.489 30.747,-0.000,-27.261
POLY -6.248 28.189,-0.426,-27.296 28.575,-0.610,-27.489 28.042,-0.660,-28.823 28.499,-0.610,-27.642 28.113,-0.426,-27.448
POLY -6.248 23.165,-1.816,-30.880 23.165,-1.689,-32.937 18.288,-2.992,-32.937 18.288,-3.119,-30.880
POLY -6.248 13.411,-3.055,-33.699 17.983,-3.055,-30.956 17.678,-3.055,-33.090 17.602,-3.055,-33.242
POLY -6.248 -6.096,-3.055,-35.242 -10.973,-3.055,-33.699 -6.096,-3.055,-31.261
POLY -6.248 -6.096,-3.055,-33.699 -6.096,-3.055,-31.261 -3.048,-3.055,-33.166
POLY -6.248 28.770,-0.580,-26.942 28.042,-0.660,-28.823 28.406,-0.660,-27.185
POLY -6.248 23.813,-1.478,-33.090 23.489,-1.666,-30.956 25.603,-1.229,-28.823 28.042,-0.605,-28.823
POLY -6.248 -45.110,0.934,-4.439 -45.719,0.934,-1.537 -45.532,0.934,-1.631
POLY -6.248 -45.326,0.978,-1.860 -49.721,0.978,-1.734 -49.721,0.978,-1.302 -45.326,0.978,-1.302
POLY -6.248 -45.110,0.895,-4.439 -45.758,0.978,-1.848 -45.399,0.824,-1.608 -45.246,0.780,-1.837 -45.606,0.934,-2.076
POLY -6.248 -49.987,3.231,44.329 -49.530,3.231,42.139 -49.759,3.353,42.348
POLY -6.248 -47.035,3.231,51.416 -46.856,3.231,51.488 -46.711,3.231,49.359 -46.939,3.231,49.206
POLY -6.248 -15.850,-2.489,-28.823 -17.292,-1.991,-28.342 -17.185,-2.062,-28.128
POLY -6.248 -45.110,0.978,-4.439 -49.987,0.978,-4.439 -49.721,0.978,-1.734 -45.758,0.978,-1.848
POLY -6.248 -49.987,3.353,42.558 -49.759,3.353,42.348 -50.060,3.353,40.287 -50.839,3.353,40.928
POLY -6.248 42.672,0.009,-19.069 44.367,0.009,-18.726 44.748,0.009,-19.069
POLY -6.248 42.672,0.009,-19.069 44.748,0.009,-19.069 44.882,0.009,-19.717
POLY -6.248 42.672,0.009,-19.069 44.196,0.009,-18.383 44.367,0.009,-18.726
POLY -6.248 -17.640,-1.857,-28.200 -17.640,-1.882,-28.632 -15.850,-2.488,-28.823 -18.288,-1.678,-28.823 -19.183,-1.369,-28.632 -19.183,-1.344,-28.200
POLY -6.248 -15.850,-2.489,-28.823 -17.741,-1.878,-28.536 -17.397,-1.954,-28.307
POLY -6.248 -15.850,-2.489,-28.823 -17.640,-1.880,-28.632 -17.640,-2.044,-28.200 -17.107,-2.247,-28.200 -17.107,-2.083,-28.632
POLY -6.248 -20.726,-0.875,-33.699 -18.288,-1.654,-28.823 -15.850,-2.523,-28.823 -15.850,-2.568,-31.261
POLY -6.248 -47.034,3.231,51.391 -46.939,3.231,49.206 -51.067,3.231,49.206 -51.067,3.231,51.391
POLY -6.248 -47.015,3.231,49.054 -49.987,3.231,49.206 -46.939,3.231,49.206
POLY -6.248 -51.067,3.231,46.495 -51.067,3.231,49.206 -49.987,3.231,49.206 -47.015,3.231,49.054
POLY -6.248 33.506,0.009,-26.600 30.480,0.009,-28.823 30.747,0.009,-27.261 30.967,0.009,-26.600
POLY -6.248 -49.987,3.231,44.329 -49.759,3.353,42.348 -49.987,3.353,42.558
POLY -6.248 -49.987,3.231,44.329 -49.987,3.353,42.558 -50.635,3.353,41.319
POLY -6.248 44.367,0.009,-18.726 44.196,0.009,-18.383 45.720,0.009,-17.697
POLY -6.248 23.813,-1.422,-33.090 28.042,-0.660,-28.823 28.042,-0.254,-33.699
POLY -6.248 31.052,0.508,-33.128 28.042,-0.660,-28.823 30.480,0.009,-28.823
POLY -6.248 31.052,0.507,-33.128 30.823,0.458,-33.280 28.042,-0.254,-33.699 28.042,-0.660,-28.823
POLY -6.248 -45.110,0.978,-4.439 -46.783,0.978,-7.652 -49.679,0.978,-7.652 -49.987,0.978,-4.439
POLY -6.248 -46.616,0.991,-7.760 -45.110,0.895,-4.439 -46.439,0.895,-8.025
POLY -6.248 -46.758,0.978,-7.603 -45.110,0.978,-4.439 -46.584,0.978,-7.690
POLY -6.248 -37.033,0.152,-18.193 -38.263,0.152,-15.970 -35.624,0.152,-15.970 -35.397,0.152,-16.605
POLY -6.248 -51.067,3.231,44.329 -49.987,3.231,44.329 -50.635,3.231,41.319 -51.067,3.231,41.319
POLY -6.248 8.649,-3.055,-33.433 13.411,-2.957,-33.699 8.649,-2.957,-33.699
POLY -6.248 46.446,0.009,-18.183 44.748,0.009,-19.069 44.367,0.009,-18.726 46.070,0.009,-17.431
POLY -6.248 23.165,-1.625,-32.937 23.165,-1.882,-30.880 23.374,-1.823,-30.880 23.489,-1.782,-30.956
POLY -6.248 42.672,0.009,-23.946 37.605,0.009,-26.727 37.795,0.009,-23.946
POLY -6.248 -20.726,-0.862,-33.699 -21.107,-0.827,-31.928 -20.726,-0.951,-31.261 -18.288,-1.679,-28.823
POLY -6.248 -20.726,-0.965,-31.261 -20.726,-0.508,-28.823 -18.288,-1.676,-28.823
POLY -6.248 -18.288,-1.676,-28.823 -20.726,-0.508,-28.823 -20.726,-0.457,-28.632
POLY -6.248 -6.096,-3.055,-33.699 -1.993,-3.055,-32.981 -2.300,-3.055,-33.187
POLY -6.248 13.411,-2.957,-33.699 8.649,-2.957,-33.852 8.649,-2.957,-33.699
POLY -6.248 -51.067,3.231,46.768 -50.635,3.231,46.768 -49.987,3.231,44.329 -51.067,3.231,44.329
POLY -6.248 -37.161,1.626,-18.249 -35.323,1.626,-16.472 -34.947,1.626,-17.599 -35.357,1.626,-17.736 -35.357,1.626,-19.069
POLY -6.248 23.094,-1.592,-33.369 23.489,-1.778,-30.956 23.605,-1.407,-33.369
POLY -6.248 23.489,-1.778,-30.956 23.813,-1.422,-33.090 23.584,-1.473,-32.937
POLY -6.248 32.746,0.009,-26.600 37.180,0.009,-26.600 37.795,0.009,-28.823 35.357,0.009,-33.128
POLY -6.248 32.918,0.009,-27.032 35.357,0.009,-33.128 31.052,0.009,-33.128 30.480,0.009,-28.823
POLY -6.248 8.534,-2.957,-34.042 8.649,-2.957,-33.852 13.411,-2.957,-33.699 17.450,-2.957,-34.157
POLY -6.248 -34.291,1.626,-18.992 -34.343,1.626,-19.069 -35.357,1.626,-19.069 -35.357,1.626,-16.718
POLY -6.248 -6.096,-2.879,-33.699 -2.921,-2.879,-33.435 -2.921,-2.879,-33.699
POLY -6.248 44.748,0.009,-19.069 46.500,0.009,-18.155 46.531,0.009,-18.176 46.291,0.009,-18.536 46.825,0.009,-19.069
POLY -6.248 44.748,0.009,-19.069 47.092,0.009,-20.364 44.882,0.009,-19.717
POLY -6.248 44.748,0.009,-19.069 46.825,0.009,-19.069 47.092,0.009,-19.907 47.523,0.009,-19.907 47.523,0.009,-20.603
POLY -6.248 8.534,-2.957,-34.042 17.450,-2.957,-34.157 17.450,-2.957,-36.976 13.411,-2.957,-38.576
POLY -6.248 8.534,-2.957,-34.042 13.411,-2.957,-38.576 10.554,-2.957,-39.414 10.554,-2.957,-39.846 8.534,-2.957,-39.846
POLY -6.248 8.534,-2.955,-34.042 8.534,-2.958,-38.576 8.382,-2.926,-34.385 8.382,-2.926,-34.157
POLY -6.248 17.450,-2.957,-34.157 13.411,-2.957,-33.699 17.602,-2.957,-33.699 17.602,-2.957,-33.966
POLY -6.248 13.411,-2.957,-33.699 17.602,-3.055,-33.242 17.602,-2.957,-33.699
POLY -6.248 -21.323,1.778,-28.197 -23.901,1.778,-28.976 -23.901,1.778,-27.400 -21.323,1.778,-27.400
POLY -6.248 -4.700,-2.200,-37.103 -6.096,-2.879,-33.699 -2.921,-2.879,-33.699 -2.921,-2.200,-37.103
POLY -6.248 7.582,-2.957,-36.138 8.382,-2.957,-34.385 8.534,-2.957,-38.576 8.534,-2.957,-39.414
POLY -6.248 -33.217,0.115,-20.043 -35.128,0.115,-20.098 -34.073,0.115,-18.980 -34.218,0.115,-18.980
POLY -6.248 -34.071,1.626,-19.069 -35.471,1.626,-20.469 -36.871,1.626,-19.069
POLY -6.248 8.306,-2.929,-34.538 7.150,-2.929,-37.092 7.150,-2.929,-36.606
POLY -6.248 8.306,-2.929,-34.538 7.345,-2.929,-36.257 7.042,-2.929,-35.802
POLY -6.248 -33.677,0.115,-19.577 -32.808,0.115,-20.395 -34.138,0.115,-21.469
POLY -6.248 -33.795,0.115,-20.060 -34.138,0.115,-21.469 -35.357,0.115,-20.174
POLY -6.248 -35.128,0.115,-20.098 -33.795,0.115,-20.060 -35.357,0.115,-20.174
POLY -6.248 -33.344,0.115,-19.862 -30.801,0.115,-22.405 -32.766,0.115,-22.231
POLY -6.248 -33.147,0.115,-20.669 -32.766,0.115,-22.231 -34.138,0.115,-21.469
POLY -6.248 45.053,0.009,-23.946 44.882,0.009,-19.717 47.549,0.009,-23.641
POLY -6.248 44.882,0.009,-19.717 47.549,0.009,-21.165 47.549,0.009,-23.641
POLY -6.248 44.882,0.009,-19.717 47.689,0.009,-20.540 48.270,0.009,-21.556
POLY -6.248 -20.726,-0.965,-31.261 -21.488,-0.556,-30.156 -21.107,-0.513,-29.394 -20.726,-0.505,-28.823
POLY -6.248 -21.077,1.778,-28.823 -23.393,1.778,-28.823 -21.323,1.778,-28.197 -21.206,1.778,-28.373
POLY -6.248 47.211,0.009,-18.876 46.825,0.009,-19.069 45.698,0.009,-17.942 46.894,0.009,-18.241
POLY -6.248 -6.096,-2.879,-33.699 -4.877,-2.286,-36.671 -6.096,-2.642,-35.242
POLY -6.248 -21.018,1.778,-28.823 -21.526,1.778,-28.823 -21.726,1.778,-28.124 -21.018,1.778,-28.124
POLY -6.248 -38.456,0.152,-19.411 -38.456,0.152,-15.621 -37.033,0.152,-18.193 -37.109,0.152,-18.345
POLY -6.248 -31.471,0.115,-22.346 -32.080,0.115,-22.765 -32.156,0.115,-22.650
POLY -6.248 -31.471,0.115,-22.346 -32.271,0.115,-22.498 -32.766,0.115,-22.231
POLY -6.248 -32.271,0.115,-22.498 -31.471,0.115,-22.346 -32.156,0.115,-22.650
POLY -6.248 -31.109,0.115,-22.097 -29.768,0.115,-23.438 -32.080,0.115,-23.108 -32.080,0.115,-22.765
POLY -6.248 -37.122,1.626,-18.267 -35.357,1.626,-19.069 -36.939,1.626,-19.069 -37.122,1.626,-18.912
POLY -6.248 -30.480,0.115,-23.336 -32.537,0.115,-23.946 -32.080,0.115,-23.108
POLY -6.248 -29.987,0.115,-23.190 -29.964,0.115,-23.209 -30.480,0.115,-23.946 -32.537,0.115,-23.946
POLY -6.248 -13.411,-2.759,-33.699 -13.411,-2.071,-38.576 -15.850,-2.317,-33.699 -15.850,-2.661,-31.261
POLY -6.248 -20.726,-0.864,-33.699 -15.850,-2.591,-31.261 -15.850,-2.388,-33.699
POLY -6.248 -21.018,1.778,-28.823 -21.018,1.778,-29.559 -23.901,1.778,-29.559 -23.901,1.778,-28.823
POLY -6.248 19.660,-0.610,-32.925 21.946,-0.055,-32.925 21.946,-0.055,-33.918 19.660,-0.610,-33.814
POLY -6.248 -29.781,0.479,-23.946 -30.480,0.115,-23.946 -29.781,0.115,-22.948
POLY -6.248 -45.110,0.895,-9.315 -42.839,0.895,-10.776 -43.271,0.895,-10.776
POLY -6.248 -24.992,1.118,-28.456 -25.155,1.118,-27.400 -23.889,1.118,-27.400 -23.889,1.118,-29.166
POLY -6.248 -21.107,-0.508,-29.394 -21.488,-0.559,-30.156 -21.336,-0.457,-29.547
POLY -6.248 -30.480,0.132,-23.946 -29.781,0.402,-23.946 -29.781,0.344,-27.326 -30.480,0.047,-28.823
POLY -6.248 -43.638,0.895,-10.739 -45.110,0.895,-9.315 -43.442,0.895,-10.640
POLY -6.248 47.266,0.009,-20.456 46.825,0.009,-19.069 47.197,0.009,-18.850 47.708,0.009,-19.719
POLY -6.248 -30.480,0.063,-23.946 -30.480,0.063,-28.823 -33.414,0.063,-25.203
POLY -6.248 -32.537,0.115,-23.946 -30.480,0.115,-23.946 -33.147,0.115,-25.051 -32.842,0.115,-24.403
POLY -6.248 -38.024,0.152,-19.069 -37.109,0.152,-18.345 -37.109,0.115,-18.764
POLY -6.248 -43.846,0.895,-11.017 -45.110,0.895,-9.315 -43.652,0.895,-10.725
POLY -6.248 21.907,-0.965,-33.928 21.907,-0.965,-32.925 23.876,-0.469,-32.925 23.876,-0.469,-33.928
POLY -6.248 17.526,-2.957,-36.900 17.450,-2.957,-36.976 17.450,-2.957,-34.500 17.526,-2.957,-34.576
POLY -6.248 -35.357,0.115,-20.784 -35.623,0.115,-20.174 -35.357,0.115,-20.174
POLY -6.248 -34.138,0.115,-21.469 -35.357,0.115,-20.784 -35.357,0.115,-20.174
POLY -6.248 -25.603,0.154,-28.823 -25.070,0.154,-27.832 -24.917,0.154,-28.823 -24.841,0.154,-29.432
POLY -6.248 -25.603,0.154,-28.823 -25.603,0.154,-27.701 -25.810,0.154,-28.012 -25.451,0.154,-28.251 -25.070,0.154,-27.832
POLY -6.248 -38.024,0.115,-19.069 -37.109,0.115,-18.764 -36.881,0.115,-19.069 -37.109,0.115,-20.326
POLY -6.248 -10.973,-3.055,-33.699 -10.725,-2.642,-35.662 -10.973,-2.035,-38.576
POLY -6.248 -6.096,-2.640,-35.242 -9.792,-2.300,-37.128 -10.611,-2.667,-35.509 -10.973,-3.068,-33.699
POLY -6.248 -10.973,-2.990,-33.699 -10.973,-2.101,-38.576 -13.411,-1.970,-38.576 -13.411,-2.859,-33.699
POLY -6.248 -10.725,-2.642,-35.662 -10.973,-3.055,-33.699 -10.611,-2.692,-35.509
POLY -6.248 -35.357,0.115,-20.784 -36.462,0.115,-20.174 -35.776,0.115,-20.098 -35.623,0.115,-20.174
POLY -6.248 23.813,-1.422,-33.090 28.042,-0.254,-33.699 23.889,-1.372,-33.242
POLY -6.248 -45.110,0.895,-9.315 -43.688,0.895,-11.230 -43.688,0.895,-14.192 -45.110,0.895,-14.192
POLY -6.248 -23.444,1.219,-29.547 -21.476,1.219,-29.547 -21.476,1.219,-30.474 -23.444,1.219,-30.474
POLY -6.248 42.672,0.009,-23.946 42.672,0.009,-28.823 37.795,0.009,-28.823 37.605,0.009,-26.727
POLY -6.248 37.795,0.009,-28.823 37.340,0.009,-26.345 37.542,0.009,-26.042
POLY -6.248 -45.110,0.895,-9.315 -46.685,0.895,-7.163 -46.685,0.895,-6.848
POLY -6.248 -36.881,0.115,-20.174 -36.881,0.115,-19.069 -35.776,0.115,-20.098 -36.462,0.115,-20.174
POLY -6.248 -37.109,0.115,-20.326 -36.881,0.115,-19.069 -36.881,0.115,-20.174
POLY -6.248 -45.110,0.895,-9.315 -46.503,0.895,-10.762 -46.608,0.895,-9.342 -46.717,0.895,-7.120
POLY -6.248 -45.110,0.895,-19.069 -46.533,0.895,-21.531 -46.533,0.895,-10.793 -45.110,0.895,-9.315
POLY -6.248 19.698,0.813,-34.423 19.466,0.813,-33.961 19.783,0.813,-33.803 21.435,0.813,-33.878 21.412,0.813,-34.385
POLY -6.248 -31.814,0.729,-22.697 -32.548,0.770,-24.018 -35.357,1.516,-23.679 -33.579,1.281,-21.730
POLY -6.248 37.795,0.009,-28.823 37.183,0.009,-26.608 37.371,0.009,-26.514
POLY -6.248 19.698,0.813,-34.423 21.920,0.813,-34.374 21.920,0.813,-34.720
POLY -6.248 24.727,-1.067,-34.766 23.889,-1.372,-33.242 28.042,-0.254,-33.699
POLY -6.248 24.727,-1.067,-34.766 23.927,-1.265,-34.233 23.851,-1.330,-33.699 23.420,-1.412,-33.664 23.512,-1.501,-32.558
POLY -6.248 7.150,-2.957,-36.138 7.582,-2.957,-36.138 8.660,-2.957,-39.846 7.150,-2.957,-39.846
POLY -6.248 -21.107,-0.803,-31.928 -21.184,-0.772,-32.042 -21.641,-0.503,-30.385 -21.488,-0.564,-30.156
POLY -6.248 -21.107,-0.813,-31.928 -21.488,-0.559,-30.156 -20.726,-0.965,-31.261
POLY -6.248 -6.096,-2.642,-35.242 -4.534,-2.186,-37.073 -9.752,-2.186,-37.558 -9.792,-2.286,-37.128
POLY -6.248 -35.357,1.524,-23.679 -35.357,1.524,-20.756 -33.579,1.264,-21.730
POLY -6.248 -49.755,1.022,-1.472 -49.987,1.022,-4.439 -49.987,1.022,-1.611
POLY -6.248 -25.007,1.118,-28.447 -23.189,1.118,-29.615 -24.747,1.118,-29.875
POLY -6.248 23.851,-1.321,-33.699 23.927,-1.270,-34.233 23.851,-1.321,-34.080
POLY -6.248 23.851,-1.321,-33.699 23.851,-1.321,-34.512 23.525,-1.321,-34.512
POLY -6.248 -21.793,-0.457,-30.461 -21.641,-0.508,-30.385 -21.184,-0.762,-32.042
POLY -6.248 42.672,0.009,-23.946 46.787,0.009,-26.384 46.139,0.009,-28.823 42.672,0.009,-28.823
POLY -6.248 45.053,0.009,-23.946 47.434,0.009,-23.946 46.787,0.009,-26.384 42.672,0.009,-23.946
POLY -6.248 22.005,1.778,-34.741 21.855,1.778,-35.566 19.660,1.778,-35.566 19.660,1.778,-34.405
POLY -6.248 -49.987,1.022,-4.439 -50.609,1.022,-4.439 -50.609,1.022,-1.799 -49.987,1.022,-1.674
POLY -6.248 -23.431,0.068,-30.156 -24.117,0.068,-29.737 -23.431,0.068,-29.585
POLY -6.248 22.784,0.127,-34.995 21.907,0.127,-34.423 22.936,0.183,-34.766
POLY -6.248 22.936,0.183,-34.766 21.907,0.183,-34.423 21.907,0.183,-33.915 23.165,0.183,-33.915 23.165,0.183,-34.690
POLY -6.248 21.399,0.127,-35.566 21.493,0.127,-34.153 22.784,0.127,-34.995 22.784,0.127,-35.566
POLY -6.248 -20.726,-0.864,-33.699 -22.822,-0.102,-30.461 -21.793,-0.457,-30.461
POLY -6.248 -35.357,1.524,-21.393 -35.357,1.524,-24.312 -38.276,0.940,-22.755
POLY -6.248 -36.919,0.898,-19.909 -34.727,1.650,-21.099 -38.485,0.898,-22.853
POLY -6.248 -25.603,0.154,-28.823 -25.970,0.154,-28.180 -25.603,0.154,-27.997
POLY -6.248 -38.445,0.115,-18.491 -37.109,0.115,-20.326 -38.500,0.115,-21.383
POLY -6.248 -25.603,0.154,-28.823 -27.445,0.154,-29.171 -27.445,0.154,-28.914 -25.756,0.154,-28.556
POLY -6.248 -27.445,0.154,-28.914 -27.445,0.601,-28.124 -25.756,0.398,-28.124 -25.756,0.154,-28.556
POLY -6.248 23.952,0.183,-33.915 23.952,0.183,-35.122 23.165,0.183,-35.122 23.165,0.183,-33.915
POLY -6.248 -25.603,0.154,-28.823 -26.670,0.154,-31.261 -27.092,0.145,-31.167 -27.015,0.144,-30.824 -26.594,0.152,-30.918
POLY -6.248 -24.841,0.154,-29.432 -26.670,0.154,-31.261 -25.603,0.154,-28.823
POLY -6.248 -25.603,0.154,-28.823 -27.026,0.152,-31.832 -27.026,0.154,-31.558
POLY -6.248 -26.838,0.154,-31.197 -27.798,0.154,-29.331 -27.700,0.154,-29.219 -25.603,0.154,-28.823
POLY -6.248 -37.183,1.067,-20.406 -36.690,1.067,-20.669 -37.643,1.067,-22.460 -38.143,1.067,-22.210 -38.063,1.067,-22.051
POLY -6.248 -38.432,0.115,-20.828 -38.062,0.115,-21.050 -37.109,0.115,-20.326 -37.529,0.115,-21.126 -38.739,0.115,-21.340
POLY -6.248 23.927,-1.270,-34.233 25.186,-0.875,-35.122 23.927,-1.171,-35.122
POLY -6.248 -23.355,0.065,-30.309 -24.536,0.146,-29.737 -24.117,0.079,-29.737 -23.431,0.048,-30.156
POLY -6.248 -20.726,-0.864,-33.699 -23.447,0.058,-30.029 -23.101,0.000,-30.029
POLY -6.248 19.659,3.302,-36.257 18.402,3.302,-35.719 19.599,3.302,-35.719
POLY -6.248 19.202,3.302,-36.062 19.710,3.302,-37.332 17.894,3.302,-37.332 17.894,3.302,-35.501
POLY -6.248 -24.841,0.154,-29.432 -24.689,0.154,-29.661 -25.603,0.154,-31.261 -26.670,0.154,-31.261
POLY -6.248 -35.114,0.914,-24.453 -32.483,0.914,-23.774 -33.334,0.914,-25.392 -34.246,0.914,-24.936
POLY -6.248 -33.147,0.914,-23.946 -34.900,1.321,-23.946 -35.181,1.210,-24.429 -35.638,1.413,-24.162 -35.357,1.524,-23.679
POLY -6.248 -24.689,0.154,-29.661 -23.127,0.154,-30.461 -23.165,0.154,-33.699 -25.603,0.154,-33.699
POLY -6.248 -20.726,-0.864,-33.699 -23.165,0.000,-33.699 -23.127,-0.051,-30.461
POLY -6.248 -25.603,0.154,-33.699 -25.603,0.154,-31.261 -24.689,0.154,-29.661
POLY -6.248 -20.726,-0.559,-36.138 -20.726,-0.864,-33.699 -15.850,-2.388,-33.699
POLY -6.248 -15.850,-2.371,-33.699 -18.288,-0.593,-38.576 -20.726,-0.000,-38.576 -20.726,-0.593,-36.138
POLY -6.248 -13.411,-2.035,-38.576 -15.850,-1.575,-36.138 -15.850,-2.388,-33.699
POLY -6.248 -18.288,-0.559,-38.576 -15.850,-2.388,-33.699 -15.850,-1.575,-36.138
POLY -6.248 -10.129,-2.129,-37.737 -10.725,-2.647,-35.662 -10.611,-2.687,-35.509 -9.596,-2.192,-37.515
POLY -6.248 47.549,0.009,-20.661 47.731,0.009,-20.770 47.777,0.009,-23.489 47.549,0.009,-23.641
POLY -6.248 19.710,3.302,-37.332 18.999,3.302,-35.554 23.165,3.302,-35.554 23.165,3.302,-37.332
POLY -6.248 -49.987,1.022,-4.439 -49.755,1.022,-7.405 -49.987,1.022,-7.266
POLY -6.248 -49.987,1.022,-4.439 -49.987,1.022,-7.203 -50.609,1.022,-7.079 -50.609,1.022,-4.439
POLY -6.248 -20.726,-0.864,-33.699 -21.184,-0.762,-32.042 -21.107,-0.813,-31.928
POLY -6.248 -10.400,-1.845,-38.240 -10.725,-2.642,-35.662 -10.099,-2.108,-37.839
POLY -6.248 -10.725,-2.642,-35.662 -10.478,-2.035,-37.624 -10.973,-2.035,-38.576
POLY -6.248 22.771,0.711,-34.754 24.892,0.711,-34.754 24.892,0.711,-35.566 22.771,0.711,-35.566
POLY -6.248 47.739,0.009,-21.279 48.158,0.009,-23.489 47.777,0.009,-23.489
POLY -6.248 51.067,0.009,-20.847 51.067,0.009,-24.026 48.158,0.009,-23.489 47.657,0.009,-20.847
POLY -6.248 24.727,-1.068,-34.766 28.042,-0.254,-33.699 26.384,-0.610,-35.166 24.879,-1.015,-34.995
POLY -6.248 -9.761,-2.286,-37.559 -9.792,-2.286,-37.128 -6.096,-2.286,-36.786 -6.049,-2.286,-37.215 -8.153,-2.286,-37.444
POLY -6.248 37.795,0.009,-33.128 35.357,0.009,-33.128 37.795,0.009,-28.823
POLY -6.248 38.043,0.009,-31.052 37.929,0.009,-30.975 37.795,0.009,-28.823 42.672,0.009,-28.823
POLY -6.248 28.042,-0.254,-33.699 31.179,0.589,-33.390 30.747,0.490,-33.699 30.747,0.612,-35.566
POLY -6.248 28.042,-0.254,-33.699 30.823,0.457,-33.280 30.747,0.457,-33.433
POLY -6.248 28.042,-0.254,-33.699 30.747,0.610,-35.566 28.042,-0.305,-35.566
POLY -6.248 28.042,-0.254,-33.699 28.042,-0.305,-35.566 26.384,-0.610,-35.166
POLY -6.248 -37.529,0.115,-21.126 -38.138,0.115,-22.193 -38.423,0.115,-20.882 -38.369,0.115,-20.855 -38.176,0.115,-21.241
POLY -6.248 -34.576,0.914,-24.736 -33.985,0.914,-24.441 -33.528,0.914,-24.670 -33.719,0.914,-25.195 -34.486,0.914,-24.916
POLY -6.248 47.434,0.009,-23.946 45.053,0.009,-23.946 47.549,0.009,-23.641
POLY -6.248 24.879,-1.016,-34.995 28.042,-0.305,-35.566 24.879,-0.914,-35.566
POLY -6.248 -45.110,0.895,-19.069 -45.110,0.895,-14.192 -43.688,0.895,-14.192 -43.688,0.895,-21.859
POLY -6.248 -34.919,0.914,-24.546 -34.328,0.914,-24.251 -33.985,0.914,-24.441 -34.181,0.914,-24.964 -34.831,0.914,-24.721
POLY -6.248 13.411,-2.957,-38.576 17.450,-2.957,-36.976 17.450,-2.957,-38.081
POLY -6.248 12.675,2.515,-43.742 12.675,2.515,-39.713 17.907,2.515,-37.014
POLY -0.569 13.106,2.515,-39.491 13.411,2.515,-38.576 17.907,2.515,-37.014
POLY -0.515 13.106,2.515,-43.186 17.907,2.515,-37.014 18.059,2.515,-37.243
POLY -6.248 -30.480,0.063,-33.699 -33.718,0.063,-25.203 -33.414,0.063,-25.203 -30.480,0.063,-28.823
POLY -6.248 18.059,2.515,-37.243 17.831,2.515,-40.710 13.411,2.515,-43.224
POLY -6.248 18.288,2.515,-38.576 18.059,2.515,-37.243 18.288,2.515,-37.319
POLY -6.248 18.059,2.515,-37.243 18.288,2.515,-38.576 17.831,2.515,-40.710
POLY -6.248 13.106,2.515,-43.186 18.059,2.515,-37.243 13.411,2.515,-43.224
POLY -6.248 -35.357,0.063,-24.289 -33.718,0.063,-25.203 -35.357,0.063,-28.823 -45.110,0.063,-28.823
POLY -6.248 -30.480,0.063,-33.699 -35.357,0.063,-33.699 -35.357,0.063,-28.823 -33.718,0.063,-25.203
POLY -6.248 -38.401,0.063,-20.885 -38.100,0.063,-22.689 -39.472,0.063,-22.689 -39.472,0.063,-20.885
POLY -6.248 18.288,2.515,-37.319 20.726,2.515,-38.576 18.288,2.515,-38.576
POLY -6.248 18.288,2.515,-37.319 22.974,2.515,-37.319 22.974,2.515,-37.548 20.726,2.515,-38.576
POLY -6.248 25.826,3.138,-35.630 25.298,3.607,-36.862 23.622,3.607,-36.862 22.918,3.138,-35.630
POLY -6.248 23.165,3.302,-36.062 23.882,3.780,-37.317 23.165,3.302,-37.257
POLY -6.248 -29.058,0.141,-29.097 -30.587,0.141,-28.124 -29.058,0.141,-28.124
POLY -6.248 -37.862,1.067,-21.717 -37.567,1.067,-22.308 -37.643,1.067,-22.460 -38.151,1.067,-22.460 -38.151,1.067,-21.861
POLY -6.248 -42.081,0.063,-25.527 -35.357,0.063,-24.289 -42.081,0.063,-27.415
POLY -6.248 -35.357,0.063,-24.289 -42.405,0.063,-25.587 -42.405,0.063,-23.946 -36.005,0.063,-23.946
POLY -0.569 12.421,2.515,-38.576 12.802,2.515,-39.186 12.421,2.515,-39.186
POLY -0.569 13.411,2.515,-38.576 13.030,2.515,-39.338 12.802,2.515,-39.186 12.421,2.515,-38.576
POLY -6.248 -30.480,0.141,-28.823 -30.000,0.141,-27.793 -29.725,0.141,-28.205
POLY -6.248 -40.234,0.063,-23.946 -36.995,0.063,-23.412 -36.005,0.063,-23.946
POLY -6.248 -36.995,0.051,-23.412 -36.919,0.051,-23.451 -36.004,0.063,-23.946
POLY -6.248 -30.480,0.063,-28.823 -29.058,0.175,-28.823 -29.058,0.063,-29.206
POLY -6.248 -30.480,0.141,-28.823 -29.695,0.141,-28.180 -29.715,0.141,-28.170 -29.909,0.141,-28.556 -29.489,0.141,-28.823
POLY -0.569 13.411,2.515,-38.576 13.106,2.515,-39.491 13.030,2.515,-39.338
POLY -6.248 13.411,-2.957,-38.576 14.935,-2.957,-39.414 13.411,-2.957,-39.795 10.706,-2.957,-39.491
POLY -6.248 17.450,-2.957,-38.081 15.164,-2.957,-39.414 14.935,-2.957,-39.414 13.411,-2.957,-38.576
POLY -6.248 13.411,-2.957,-38.576 10.130,-2.957,-39.685 9.945,-2.957,-39.593
POLY -6.248 -29.096,0.063,-31.312 -29.480,0.063,-31.312 -29.119,0.063,-28.966 -28.550,0.063,-29.007
POLY -6.248 -29.100,0.063,-31.328 -28.496,0.063,-28.777 -27.077,0.063,-31.615 -28.765,0.063,-31.032 -29.005,0.063,-31.392
POLY -6.248 -25.603,0.154,-33.699 -27.376,0.154,-31.173 -27.527,0.154,-31.261 -25.603,0.154,-31.261
POLY -6.248 37.795,3.302,-33.115 37.795,3.302,-33.623 32.042,3.302,-34.385 30.734,3.302,-33.264 30.734,3.302,-33.115
POLY -6.248 -23.165,0.000,-33.699 -20.726,-0.864,-33.699 -20.726,-0.559,-36.138
POLY -6.248 30.734,3.302,-34.728 30.734,3.302,-33.264 32.439,3.302,-34.725 32.438,3.302,-34.728
POLY -6.248 -36.919,0.051,-23.451 -36.995,0.051,-23.412 -36.957,0.051,-23.412
POLY -6.248 17.450,-2.957,-38.081 17.602,-2.957,-38.271 17.602,-2.957,-38.576 15.164,-2.957,-39.414
POLY -6.248 -36.995,0.063,-23.412 -37.109,0.063,-23.336 -37.033,0.063,-23.374
POLY -6.248 -37.948,0.063,-22.879 -37.109,0.063,-23.336 -36.995,0.063,-23.412 -40.234,0.063,-23.946
POLY -6.248 -28.607,0.063,-29.634 -30.480,0.063,-28.823 -28.857,0.063,-29.260
POLY -6.248 -29.906,0.063,-31.609 -29.185,0.063,-29.394 -29.494,0.063,-31.403
POLY -6.248 -30.480,0.063,-28.823 -29.337,0.063,-29.318 -29.144,0.063,-28.932 -29.049,0.063,-28.979 -29.718,0.063,-31.032
POLY -6.248 28.042,3.302,-37.332 25.641,3.302,-37.332 25.641,3.302,-35.554 28.042,3.302,-35.554
POLY -6.248 -38.100,0.063,-22.689 -37.948,0.063,-22.879 -40.007,0.063,-22.928 -39.927,0.063,-22.689
POLY -6.248 -37.948,0.063,-22.879 -40.234,0.063,-23.946 -39.776,0.063,-23.070 -39.548,0.063,-22.917
POLY -6.248 -10.973,-2.035,-38.576 -10.046,-2.035,-36.793 -10.046,-2.035,-38.576 -10.046,-2.035,-39.872 -10.478,-2.035,-39.872
POLY -6.248 25.298,3.607,-36.862 23.038,3.607,-37.521 23.038,3.607,-37.280 23.317,3.607,-36.862
POLY -6.248 -30.480,0.063,-33.699 -30.480,0.063,-28.823 -29.870,0.063,-31.261 -29.439,0.063,-31.261 -29.439,0.063,-31.718 -29.870,0.063,-31.718
POLY -6.248 -30.480,0.063,-28.823 -29.541,0.063,-31.546 -29.729,0.063,-31.827
POLY -6.248 -15.850,-1.575,-36.138 -13.411,-2.010,-38.576 -15.850,-1.271,-38.576 -18.288,-0.533,-38.576
POLY -6.248 48.158,0.009,-23.489 50.635,0.152,-23.946 49.416,0.102,-23.870
POLY -6.248 10.195,-2.957,-39.433 13.411,-2.957,-39.795 13.411,-2.957,-40.227 10.592,-2.957,-40.227
POLY -6.248 38.066,0.424,-33.560 37.768,0.429,-33.560 37.929,0.004,-30.975 38.043,0.014,-31.052
POLY -6.248 17.602,-2.957,-38.576 17.602,-2.642,-39.414 15.164,-2.957,-39.414
POLY -6.248 20.726,2.515,-38.576 19.660,2.515,-39.262 19.317,2.515,-39.224 18.288,2.515,-38.576
POLY -6.248 18.364,2.515,-39.834 18.288,2.515,-38.576 18.479,2.515,-39.605
POLY -6.248 18.288,2.515,-38.576 18.364,2.515,-39.834 18.288,2.515,-40.329 18.059,2.515,-40.443
POLY -6.248 18.288,2.515,-38.576 19.317,2.515,-39.224 18.936,2.515,-39.262
POLY -6.248 18.479,2.515,-39.605 18.288,2.515,-38.576 18.707,2.515,-39.376
POLY -6.248 18.288,2.515,-38.576 18.936,2.515,-39.262 18.707,2.515,-39.376
POLY -6.248 17.831,2.515,-40.710 18.288,2.515,-38.576 18.059,2.515,-40.443
POLY -6.248 38.043,0.009,-31.052 42.672,0.009,-28.823 42.672,0.009,-31.261
POLY -6.248 38.043,0.009,-31.052 38.290,0.356,-33.280 38.062,0.356,-33.128
POLY -6.248 42.672,-0.153,-31.261 38.367,0.365,-33.433 38.290,0.345,-33.280 38.043,0.010,-31.052
POLY -6.248 -42.647,3.454,-23.082 -42.647,3.454,-20.885 -39.459,3.454,-20.885 -39.459,3.454,-23.082
POLY -6.248 47.059,1.591,-25.314 47.459,1.101,-23.714 50.340,1.036,-25.243 49.786,1.657,-27.241
POLY -6.248 47.968,1.067,-23.984 48.102,1.067,-23.494 50.537,1.067,-24.162 50.355,1.067,-25.251
POLY -6.248 23.165,2.515,-38.576 20.726,2.515,-38.576 22.974,2.515,-37.548 23.165,2.515,-37.852
POLY -6.248 25.298,3.607,-36.862 25.298,3.607,-38.246 23.423,3.607,-38.246 22.893,3.607,-37.563
POLY -6.248 25.298,3.607,-36.465 25.921,3.607,-37.212 25.921,3.607,-37.664 25.298,3.607,-38.784
POLY -6.248 -25.603,0.154,-33.699 -27.580,0.154,-33.112 -27.065,0.154,-34.142 -27.127,0.154,-31.528
POLY -6.248 -27.137,0.165,-31.096 -27.077,0.137,-33.655 -27.259,0.083,-33.534 -27.516,0.049,-31.096
POLY -6.248 14.935,-2.957,-39.414 14.783,-2.929,-39.491 13.411,-2.929,-39.795
POLY -6.248 32.512,3.302,-34.728 32.512,3.302,-36.595 30.734,3.302,-35.795 30.734,3.302,-34.728
POLY -6.248 37.795,3.302,-33.623 37.795,3.302,-33.699 36.005,3.302,-34.893 32.042,3.302,-34.893 32.042,3.302,-34.385
POLY -6.248 -25.603,0.204,-33.699 -23.165,-0.050,-33.699 -23.165,0.863,-38.576 -25.603,1.118,-38.576
POLY -6.248 -23.165,0.813,-38.576 -23.165,0.000,-33.699 -20.726,-0.559,-36.138
POLY -6.248 13.411,-2.929,-39.795 14.783,-2.929,-39.491 14.630,-2.929,-39.795
POLY -6.248 28.042,3.302,-36.824 28.042,3.302,-36.062 30.442,3.302,-36.443 30.290,3.302,-36.671
POLY -6.248 30.442,3.302,-36.443 28.042,3.302,-36.062 28.042,3.302,-35.554 31.407,3.302,-35.554 30.594,3.302,-36.366
POLY -6.248 -26.631,0.063,-31.528 -29.012,0.063,-31.528 -29.331,0.063,-30.837 -27.661,0.063,-31.413 -27.438,0.063,-31.043
POLY -6.248 -27.470,0.063,-31.528 -27.272,0.063,-33.412 -28.130,0.063,-33.350 -29.017,0.063,-31.528
POLY -6.248 23.431,2.515,-38.157 23.165,2.515,-38.576 23.165,2.515,-37.852
POLY -6.248 23.165,2.515,-38.576 20.079,2.515,-39.529 19.660,2.515,-39.262 20.726,2.515,-38.576
POLY -6.248 44.463,0.009,-29.166 46.253,0.009,-29.508 42.672,0.009,-31.261 42.672,0.009,-28.823
POLY -6.248 46.101,0.009,-29.280 42.672,0.009,-28.823 46.139,0.009,-28.823
POLY -6.248 -10.973,-2.035,-40.303 -13.411,-2.035,-40.323 -13.411,-2.035,-38.576 -10.973,-2.035,-38.576
POLY -6.248 -10.973,-2.035,-38.576 -10.312,-2.035,-40.303 -10.973,-2.035,-40.303
POLY -6.248 28.042,2.515,-37.319 25.984,2.515,-37.548 25.984,2.540,-37.319
POLY -6.248 23.584,2.515,-38.233 23.165,2.515,-38.576 23.431,2.515,-38.157
POLY -6.248 32.690,2.546,-36.366 32.499,2.546,-34.881 32.918,2.546,-34.881 32.918,2.546,-36.519
POLY -6.248 32.499,2.546,-34.881 32.745,2.546,-36.798 32.499,2.546,-36.798
POLY -6.248 24.917,2.515,-38.233 23.165,2.515,-38.576 23.584,2.515,-38.233
POLY -6.248 50.635,0.152,-23.946 49.873,0.152,-23.946 49.416,0.102,-23.870
POLY -6.248 -40.234,0.063,-23.946 -40.234,0.063,-22.638 -39.551,0.063,-22.638
POLY -6.248 28.042,2.515,-38.576 25.603,2.515,-38.157 25.984,2.515,-37.548 28.042,2.515,-37.319
POLY -6.248 28.042,3.302,-37.332 28.042,3.302,-36.824 30.721,3.302,-36.642 30.721,3.302,-37.332
POLY -6.248 32.995,2.546,-36.671 32.918,2.546,-36.519 32.918,2.546,-34.881 36.614,2.546,-34.881
POLY -6.248 49.301,1.626,-26.899 47.549,1.626,-27.242 47.549,1.626,-25.660
POLY -6.248 46.531,1.390,-27.242 47.010,1.501,-25.511 47.549,1.626,-25.660 47.549,1.626,-27.242
POLY -6.248 25.451,2.515,-38.233 23.165,2.515,-38.576 24.917,2.515,-38.233
POLY -6.248 25.451,2.515,-38.233 19.964,2.515,-40.977 23.165,2.515,-38.576
POLY -6.248 19.964,2.515,-40.977 20.231,2.515,-40.557 23.165,2.515,-38.576
POLY -6.248 23.165,2.515,-38.576 20.231,2.515,-40.557 20.269,2.515,-39.948
POLY -6.248 23.165,2.515,-38.576 20.269,2.515,-39.948 20.079,2.515,-39.529
POLY -6.248 -40.234,0.063,-23.946 -45.110,0.063,-23.946 -42.329,0.063,-23.070 -40.234,0.063,-23.070
POLY -6.248 50.635,0.152,-23.946 50.368,0.152,-24.174 49.873,0.152,-23.946
POLY -6.248 19.868,3.299,-38.921 18.821,3.303,-40.253 18.276,3.125,-40.131 18.387,3.046,-39.630 18.710,3.064,-39.307
POLY -6.248 19.121,3.302,-39.120 19.933,3.302,-39.301 20.097,3.302,-39.562 19.431,3.302,-40.672
POLY -6.248 19.241,3.302,-39.719 19.431,3.302,-40.672 18.821,3.302,-40.253
POLY -6.248 -13.411,-2.035,-40.323 -15.850,-1.219,-40.342 -15.850,-1.219,-38.576 -13.411,-2.035,-38.576
POLY -6.248 30.594,3.302,-36.366 31.388,3.302,-35.573 30.468,3.302,-35.675 32.004,3.302,-36.366
POLY -6.248 -27.445,0.121,-33.152 -25.603,0.175,-33.699 -25.603,1.147,-38.576 -27.445,1.201,-38.576
POLY -6.248 28.042,2.515,-38.576 25.451,2.515,-38.233 25.603,2.515,-38.157
POLY -6.248 30.290,2.515,-39.148 28.042,2.515,-38.576 28.042,2.515,-37.319 30.290,2.515,-37.319
POLY -6.248 25.451,2.515,-38.233 28.042,2.515,-38.576 27.356,2.515,-42.958
POLY -6.248 25.451,2.515,-38.233 26.327,2.515,-43.148 24.155,2.515,-43.453
POLY -6.248 25.451,2.515,-38.233 24.155,2.515,-43.453 19.964,2.515,-40.977
POLY -6.248 25.451,2.515,-38.233 27.356,2.515,-42.958 26.327,2.515,-43.148
POLY -6.248 -23.165,0.813,-38.576 -20.726,-0.559,-36.138 -20.726,-0.051,-38.576
POLY -6.248 -42.634,0.063,-22.765 -44.167,0.904,-20.885 -42.634,0.443,-20.885
POLY -6.248 19.481,3.155,-41.352 18.359,3.155,-40.230 18.412,3.120,-40.389 18.821,3.302,-40.253
POLY -6.248 20.170,3.302,-41.180 18.791,3.118,-41.042 17.964,3.302,-39.663
POLY -6.248 -28.933,0.063,-32.701 -30.480,0.063,-33.699 -29.681,0.063,-31.104
POLY -6.248 50.635,0.152,-23.946 50.444,0.152,-24.327 50.368,0.152,-24.174
POLY -6.248 51.076,0.152,-23.063 51.029,0.152,-27.418 50.597,0.152,-27.413 50.444,0.152,-24.670 50.444,0.152,-24.327
POLY -6.248 18.896,3.301,-41.564 19.774,3.302,-40.100 20.279,3.136,-40.156 20.227,3.065,-40.622 19.951,3.073,-41.037
POLY -6.248 46.253,0.009,-29.508 44.463,-0.203,-29.166 46.101,0.009,-29.280
POLY -6.248 17.831,2.515,-40.710 17.716,2.515,-41.053 13.411,2.515,-43.224
POLY -6.248 46.672,1.067,-28.823 46.134,0.975,-28.673 46.531,1.390,-27.242 47.549,1.626,-27.242
POLY -6.248 -45.110,0.610,-21.507 -45.110,0.895,-19.069 -44.120,0.895,-21.012
POLY -6.248 -45.110,0.612,-21.507 -46.533,1.013,-20.796 -46.533,0.929,-21.531 -45.110,0.893,-19.069
POLY -6.248 -15.850,-1.219,-39.910 -20.726,-0.025,-38.576 -18.288,-0.610,-38.576 -15.850,-1.194,-38.576
POLY -6.248 33.007,4.420,-36.354 33.007,4.420,-38.576 30.277,4.420,-38.576 30.277,4.420,-36.354
POLY -6.248 38.379,3.302,-33.115 38.379,3.302,-33.699 37.795,3.302,-33.699 37.795,3.302,-33.115
POLY -6.248 42.672,0.009,-33.699 39.167,0.559,-34.919 37.935,0.323,-33.041 37.935,0.391,-33.406
POLY -6.248 42.672,0.009,-31.261 44.406,0.009,-33.357 42.672,0.009,-33.699 38.367,0.009,-33.433
POLY -6.248 49.720,0.152,-27.337 50.444,0.152,-24.670 50.597,0.152,-27.413 51.027,0.152,-27.448 50.857,0.152,-29.552
POLY -6.248 19.281,3.284,-40.354 18.288,3.309,-41.472 18.288,3.374,-40.153 18.086,3.381,-40.354
POLY -6.248 36.678,3.302,-35.376 36.678,3.302,-34.879 37.795,3.302,-33.699
POLY -6.248 37.643,3.302,-37.929 37.109,3.302,-34.728 37.795,3.302,-33.699
POLY -6.248 37.795,3.302,-33.699 38.379,3.302,-33.699 38.379,3.302,-38.576 37.871,3.302,-38.576
POLY -6.248 37.643,3.302,-37.929 37.795,3.302,-33.699 38.354,3.302,-33.691 38.430,3.302,-38.568 37.871,3.302,-38.576
POLY -6.248 36.208,3.302,-34.758 37.795,3.302,-33.699 36.737,3.302,-34.816
POLY -6.248 46.672,1.096,-28.823 47.549,1.588,-27.242 49.915,1.680,-26.779 49.348,1.030,-28.823
POLY -6.248 13.411,2.515,-43.224 17.716,2.515,-41.053 14.592,2.692,-43.377
POLY -6.248 17.716,2.515,-41.053 16.154,2.515,-42.405 14.592,2.692,-43.377
POLY -6.248 17.716,2.515,-41.053 17.716,2.515,-41.434 16.154,2.515,-42.405
POLY -6.248 19.720,3.302,-41.296 19.164,3.302,-41.358 18.646,3.302,-40.247 19.723,3.302,-41.324
POLY -6.248 19.164,3.302,-41.358 18.288,3.302,-41.472 18.898,3.302,-40.786
POLY -6.248 17.622,3.135,-41.312 17.751,3.221,-40.861 18.288,3.353,-41.015 18.288,3.302,-41.472 17.769,3.135,-41.679
POLY -6.248 38.367,0.406,-33.699 38.824,0.610,-34.576 38.367,0.559,-34.576
POLY -6.248 -35.357,0.063,-28.823 -35.357,0.063,-33.699 -40.234,0.063,-33.661 -40.234,0.063,-28.823
POLY -6.248 -28.867,0.063,-32.659 -28.867,0.063,-33.208 -28.621,0.063,-32.913 -30.480,0.063,-33.699
POLY -6.248 -45.110,0.610,-21.507 -43.734,1.006,-20.819 -43.628,0.963,-21.031
POLY -6.248 46.196,0.009,-31.261 44.406,0.009,-33.357 42.672,0.009,-31.261
POLY -6.248 42.672,0.009,-31.261 46.253,0.009,-29.508 46.196,0.009,-31.261
POLY -6.248 28.042,2.515,-38.576 28.042,2.515,-43.072 27.813,2.515,-42.958
POLY -6.248 28.042,2.515,-38.576 30.290,2.515,-39.148 30.709,2.515,-40.672 28.042,2.515,-43.072
POLY -6.248 27.356,2.515,-42.958 28.042,2.515,-38.576 27.813,2.515,-42.958
POLY -6.248 -45.110,0.063,-23.946 -44.044,0.864,-21.165 -42.634,0.063,-22.765
POLY -6.248 -45.110,0.063,-23.946 -45.110,0.610,-21.507 -44.044,0.864,-21.165
POLY -6.248 32.995,2.546,-36.671 36.614,2.546,-34.881 36.614,2.546,-37.624 35.281,2.546,-37.624
POLY -6.248 17.716,2.515,-41.434 16.516,2.515,-43.453 16.154,2.515,-42.405
POLY -6.248 17.716,2.515,-41.434 17.907,2.515,-41.891 18.288,2.515,-43.453 16.516,2.515,-43.453
POLY -6.248 19.964,2.515,-40.977 19.660,2.515,-41.510 19.660,2.515,-41.129
POLY -6.248 24.155,2.515,-43.453 19.660,2.515,-41.510 19.964,2.515,-40.977
POLY -6.248 32.995,2.546,-36.671 35.281,2.546,-37.624 35.128,2.546,-37.700 32.995,2.546,-38.576
POLY -6.248 -42.329,0.063,-23.070 -45.110,0.063,-23.946 -42.482,0.063,-22.993
POLY -6.248 -42.482,0.063,-22.993 -45.110,0.063,-23.946 -42.634,0.063,-22.765
POLY -6.248 37.109,3.302,-34.728 37.643,3.302,-37.929 37.567,3.302,-37.776
POLY -6.248 37.109,3.302,-34.728 37.567,3.302,-37.776 37.338,3.302,-37.624
POLY -6.248 36.601,3.302,-34.728 37.109,3.302,-34.728 37.372,3.302,-38.056 36.601,3.302,-38.056
POLY -6.248 18.288,3.312,-41.472 19.164,3.295,-41.358 18.542,3.233,-42.158 18.974,3.219,-42.158
POLY -6.248 19.215,2.996,-42.097 18.898,3.251,-41.700 19.164,3.302,-41.358 19.636,3.080,-41.546 19.510,2.996,-41.861
POLY -6.248 -29.058,0.063,-33.776 -29.794,0.063,-33.776 -30.480,0.063,-33.699 -29.058,0.063,-33.098
POLY -6.248 46.099,1.067,-29.306 45.993,1.067,-29.094 46.083,1.067,-28.823 47.549,1.067,-28.823
POLY -6.248 24.155,2.515,-43.453 19.507,2.515,-41.815 19.660,2.515,-41.510
POLY -6.248 18.288,2.515,-43.453 17.907,2.515,-41.891 18.288,2.515,-42.158
POLY -6.248 45.647,1.067,-29.457 47.549,1.067,-28.823 47.549,1.067,-29.932
POLY -6.248 38.367,0.559,-34.576 38.824,0.610,-34.576 38.824,0.660,-34.690 38.367,0.610,-34.690
POLY -6.248 46.196,0.009,-31.261 46.253,0.009,-29.508 46.482,0.089,-29.623
POLY -6.248 -20.726,0.281,-40.418 -20.726,-0.051,-38.576 -15.850,-1.219,-39.910 -15.843,-1.143,-40.341
POLY -6.248 16.516,2.516,-43.453 14.897,2.687,-43.567 14.745,2.698,-43.453 16.154,2.514,-42.405
POLY -6.248 14.592,2.692,-43.377 16.154,2.515,-42.405 14.745,2.692,-43.453
POLY -6.248 19.850,2.515,-43.453 19.126,2.515,-42.158 19.507,2.515,-41.815
POLY -6.248 24.155,2.515,-43.453 24.155,2.515,-43.885 19.940,2.515,-43.885 19.507,2.515,-41.815
POLY -6.248 -42.405,0.063,-25.587 -48.806,0.063,-26.765 -49.454,0.063,-23.946 -42.405,0.063,-23.946
POLY -6.248 46.196,0.009,-31.261 46.482,0.089,-29.623 46.291,0.089,-32.785
POLY -6.248 46.881,0.089,-33.096 46.264,0.089,-33.233 46.482,0.089,-29.623 47.549,0.089,-29.889
POLY -6.248 18.288,2.515,-43.453 18.288,2.515,-42.158 19.126,2.515,-42.158 19.850,2.515,-43.453
POLY -6.248 -29.947,0.063,-33.852 -30.480,0.063,-33.699 -29.794,0.063,-33.776
POLY -6.248 48.989,1.067,-30.307 47.549,1.067,-29.933 47.549,1.067,-28.823 49.342,1.067,-28.823
POLY -6.248 -30.213,0.063,-34.233 -30.480,0.063,-33.699 -29.947,0.063,-33.852
POLY -6.248 -46.490,1.010,-20.818 -45.110,0.614,-21.507 -45.606,0.098,-22.479 -46.482,1.017,-20.805
POLY -6.248 -45.110,0.063,-23.946 -45.606,0.102,-22.479 -45.110,0.610,-21.507
POLY -6.248 39.167,0.559,-34.919 39.129,0.610,-35.033 38.976,0.610,-34.766
POLY -6.248 30.385,4.420,-39.283 30.209,4.420,-38.576 32.347,4.420,-38.576 32.397,4.420,-39.082
POLY -6.248 38.367,1.898,-34.652 39.141,1.898,-34.652 39.141,2.397,-37.395 38.367,2.397,-37.395
POLY -6.248 49.720,0.152,-27.337 50.482,0.152,-28.823 49.339,0.152,-28.823
POLY -6.248 -23.165,0.813,-38.576 -20.726,-0.051,-38.576 -21.831,0.559,-40.024
POLY -6.248 -22.170,0.746,-40.468 -20.726,-0.051,-38.576 -20.726,0.281,-40.418
POLY -6.248 -29.826,1.270,-33.631 -29.914,1.270,-33.763 -29.058,1.270,-33.763 -29.058,1.270,-35.985 -29.489,1.270,-35.985
POLY -6.248 -35.052,0.063,-38.386 -35.357,0.063,-33.699 -30.480,0.063,-33.699
POLY -6.248 -30.213,0.063,-35.947 -30.480,0.063,-38.576 -30.480,0.063,-33.699
POLY -6.248 -30.480,0.063,-33.699 -30.213,0.063,-34.233 -30.213,0.063,-35.947
POLY -6.248 -30.480,0.063,-38.576 -35.052,0.063,-38.386 -30.480,0.063,-33.699
POLY -6.248 39.129,1.168,-37.052 39.167,0.559,-34.919 42.672,0.009,-33.699
POLY -6.248 39.167,0.559,-34.919 39.129,1.168,-37.052 39.129,0.610,-35.033
POLY -6.248 -30.226,1.270,-34.385 -29.718,1.270,-34.385 -29.417,1.270,-36.493 -29.951,1.270,-36.493 -30.226,1.270,-36.034
POLY -6.248 30.758,3.962,-41.018 30.297,3.962,-39.276 32.499,3.962,-39.072
POLY -6.248 14.783,3.607,-45.320 12.675,3.607,-44.505 12.675,3.607,-43.308
POLY -6.248 14.783,3.607,-45.320 12.428,3.607,-43.072 12.856,3.607,-43.125
POLY -6.248 14.465,2.860,-43.495 15.354,2.515,-43.644 14.465,2.860,-43.644
POLY -6.248 -46.422,0.865,-20.842 -45.110,0.063,-23.946 -46.597,0.807,-20.930
POLY -6.248 -42.081,0.063,-25.527 -42.081,0.063,-27.415 -45.110,0.063,-28.823 -48.654,0.063,-26.994
POLY -6.248 -42.081,0.063,-25.527 -49.105,0.063,-27.095 -49.268,0.063,-26.850
POLY -6.248 48.349,0.169,-30.118 48.795,0.169,-33.064 47.549,0.169,-33.064 47.549,0.169,-29.889
POLY -6.248 46.887,0.089,-33.064 47.549,0.089,-29.889 47.549,0.181,-33.064
POLY -6.248 15.141,3.607,-45.728 13.411,3.607,-43.758 15.190,3.607,-45.488
POLY -6.248 15.014,3.607,-44.311 13.411,3.607,-43.758 13.473,3.607,-43.202 14.738,3.607,-43.343
POLY -6.248 13.411,3.607,-43.758 14.516,3.607,-44.139 14.821,3.607,-45.129
POLY -6.248 32.995,2.546,-38.576 34.976,2.546,-37.929 34.976,2.546,-39.910 33.299,2.546,-39.910
POLY -6.248 32.995,2.546,-38.576 35.128,2.546,-37.700 34.976,2.546,-37.929
POLY -6.248 18.288,2.515,-43.453 15.354,2.515,-43.644 16.516,2.515,-43.453
POLY -6.248 15.354,2.515,-43.644 18.288,2.515,-43.453 15.507,2.515,-43.720
POLY -6.248 -45.910,0.063,-22.631 -46.973,0.924,-20.885 -46.569,0.924,-20.885
POLY -6.248 15.507,2.515,-43.720 18.288,2.515,-43.453 15.850,2.515,-44.063
POLY -6.248 50.850,0.152,-29.515 48.997,0.152,-29.966 49.339,0.152,-28.823 50.916,0.152,-28.823
POLY -6.248 46.196,0.008,-31.261 46.336,0.134,-33.497 46.737,0.127,-32.895 44.406,0.010,-33.357
POLY -6.248 39.129,1.169,-37.052 42.672,0.004,-33.699 40.900,1.045,-37.814 40.519,1.245,-38.576
POLY -6.248 44.291,0.051,-33.814 42.672,0.009,-33.699 45.987,0.203,-33.699
POLY -6.248 42.672,0.009,-33.699 44.406,0.009,-33.357 45.987,0.203,-33.699
POLY -6.248 42.672,1.177,-38.576 40.900,1.006,-37.814 42.672,0.021,-33.699 44.291,0.040,-33.814
POLY -6.248 -25.603,1.193,-38.576 -23.165,0.779,-38.576 -22.974,1.048,-40.215 -25.527,1.602,-40.862
POLY -6.248 -22.974,1.016,-40.215 -23.165,0.813,-38.576 -21.831,0.559,-40.024
POLY -6.248 -49.454,0.063,-23.946 -46.711,0.711,-21.317 -45.910,0.063,-22.631
POLY -6.248 -49.886,-0.039,-24.360 -49.886,0.079,-20.885 -46.260,0.818,-20.885
POLY -6.248 15.964,2.515,-45.320 15.964,2.515,-44.291 18.288,2.515,-43.453 19.545,2.515,-43.758
POLY -6.248 18.288,2.515,-43.453 20.629,2.515,-43.453 20.286,2.515,-43.681
POLY -6.248 15.850,2.515,-44.063 18.288,2.515,-43.453 15.964,2.515,-44.291
POLY -6.248 19.976,2.515,-43.862 18.288,2.515,-43.453 20.078,2.515,-43.658
POLY -6.248 33.060,3.962,-38.698 31.394,3.962,-40.519 32.904,3.962,-38.542
POLY -6.248 32.067,3.962,-38.640 33.021,3.962,-38.640 33.144,3.962,-39.009 32.614,3.962,-39.186
POLY -6.248 30.968,3.962,-41.078 30.704,3.962,-41.078 32.499,3.962,-39.072
POLY -6.248 13.930,3.607,-43.529 15.383,3.607,-43.529 15.978,3.607,-44.125 16.059,3.607,-45.743
POLY -6.248 14.516,3.607,-44.139 15.884,3.607,-45.561 14.954,3.607,-45.561
POLY -6.248 33.084,3.962,-38.672 33.444,3.962,-40.544 30.780,3.962,-41.192
POLY -6.248 -45.110,0.063,-23.946 -49.454,0.063,-23.946 -45.910,0.063,-22.631
POLY -6.248 48.730,0.169,-32.633 48.349,0.169,-30.118 48.730,0.169,-30.118
POLY -6.248 37.656,4.470,-40.303 34.963,4.470,-40.303 34.963,4.470,-37.611 37.656,4.470,-37.611
POLY -6.248 14.783,3.607,-45.320 14.783,3.607,-45.752 13.614,3.607,-45.752 13.106,3.607,-44.672
POLY -6.248 12.892,3.607,-44.216 13.411,3.607,-45.320 12.632,3.607,-44.606
POLY -6.248 50.621,0.169,-33.064 48.730,0.169,-33.064 48.730,0.169,-30.118 50.847,0.169,-29.492
POLY -6.248 50.406,0.152,-29.623 48.730,0.169,-30.118 48.997,0.152,-29.966
POLY -6.248 15.964,2.515,-45.752 15.964,2.515,-45.320 19.977,2.515,-43.570 19.977,2.515,-45.752
POLY -6.248 44.406,0.009,-33.357 46.602,0.126,-32.922 46.409,0.255,-33.791
POLY -6.248 12.613,3.607,-44.588 13.882,3.607,-45.752 11.941,3.607,-45.752 12.802,3.607,-44.977 12.608,3.607,-44.591
POLY -6.248 13.281,3.607,-44.545 11.989,3.607,-45.709 11.989,3.607,-44.545
POLY -6.248 28.308,2.515,-43.263 28.042,2.515,-43.072 30.709,2.515,-40.672 30.899,2.515,-40.977
POLY -6.248 -45.110,0.063,-33.699 -49.987,0.063,-28.823 -40.234,0.063,-28.823 -40.234,0.063,-33.661
POLY -6.248 -30.023,0.169,-36.328 -30.480,0.063,-38.576 -30.213,0.063,-35.947
POLY -6.248 46.342,0.299,-33.959 46.342,1.371,-38.576 44.291,1.162,-38.576 44.291,0.057,-33.814
POLY -6.248 46.355,0.310,-33.959 44.291,0.051,-33.814 46.452,0.245,-33.668
POLY -6.248 42.672,1.168,-38.576 44.291,0.051,-33.814 44.291,1.168,-38.576
POLY -6.248 38.824,1.372,-37.357 38.367,1.727,-38.576 38.367,1.372,-37.357
POLY -6.248 -29.058,0.169,-38.576 -29.489,0.169,-38.576 -29.794,0.169,-36.481 -29.058,0.169,-36.481
POLY -6.248 -25.832,1.655,-40.557 -27.445,1.713,-40.557 -27.445,1.209,-38.576 -25.603,1.143,-38.576
POLY -6.248 -25.603,1.168,-38.576 -25.527,1.626,-40.862 -25.603,1.626,-40.710
POLY -6.248 -25.832,1.626,-40.557 -25.603,1.168,-38.576 -25.603,1.626,-40.710
POLY -6.248 39.129,1.168,-37.052 40.519,1.270,-38.576 38.976,1.270,-37.281
POLY -6.248 34.976,2.546,-39.910 33.299,2.546,-40.367 33.299,2.546,-39.910
POLY -6.248 -30.023,0.169,-36.328 -29.794,0.169,-36.481 -29.489,0.169,-38.576
POLY -6.248 -29.489,0.063,-38.618 -30.480,0.063,-38.576 -30.023,0.063,-36.328
POLY -6.248 28.308,2.515,-43.263 30.899,2.546,-40.977 28.384,2.546,-43.453
POLY -6.248 28.384,2.546,-43.453 30.899,2.546,-40.977 31.204,2.546,-41.053
POLY -6.248 38.976,1.270,-37.281 38.367,1.727,-38.576 38.824,1.372,-37.357
POLY -6.248 40.519,1.259,-38.576 38.367,2.652,-43.453 38.367,1.688,-38.576 38.976,1.310,-37.281
POLY -6.248 37.871,3.302,-38.576 37.795,3.302,-38.576 37.643,3.302,-37.929
POLY -6.248 37.643,3.302,-37.929 37.795,3.302,-38.576 37.643,3.302,-38.576
POLY -6.248 28.384,2.546,-43.453 31.204,2.546,-41.053 31.737,2.546,-45.320
POLY -6.248 31.204,2.546,-41.053 32.918,2.546,-43.453 31.737,2.546,-45.320
POLY -6.248 32.918,2.546,-43.453 31.204,2.546,-41.053 32.918,2.546,-40.672 35.281,2.546,-40.291
POLY -6.248 24.155,2.515,-43.453 26.327,2.515,-43.148 25.946,2.515,-43.453
POLY -6.248 25.679,2.515,-43.720 24.384,2.515,-43.605 24.155,2.515,-43.453 25.946,2.515,-43.453
POLY -6.248 -25.527,1.626,-40.862 -22.974,1.016,-40.215 -23.203,1.118,-40.367
POLY -6.248 -23.292,3.607,-40.289 -21.552,3.607,-39.958 -21.552,3.607,-44.020 -23.292,3.607,-43.937
POLY -6.248 35.052,2.546,-40.138 33.223,2.546,-40.519 33.299,2.546,-40.367 34.976,2.546,-39.910
POLY -6.248 24.460,2.515,-43.758 24.384,2.515,-43.605 25.679,2.515,-43.720 25.603,2.515,-44.063
POLY -6.248 35.281,2.546,-40.291 32.918,2.546,-40.672 33.223,2.546,-40.519 35.052,2.546,-40.138
POLY -6.248 -25.527,1.626,-40.862 -23.203,1.118,-40.367 -23.279,1.219,-40.519
POLY -6.248 26.746,2.515,-43.148 26.327,2.515,-43.148 27.356,2.515,-42.958 27.013,2.515,-43.110
POLY -6.248 -35.357,0.063,-33.699 -38.786,0.063,-33.966 -39.014,0.063,-33.699
POLY -6.248 -37.795,0.063,-36.671 -38.786,0.063,-33.966 -35.357,0.063,-33.699
POLY -6.248 -37.795,0.063,-36.671 -35.357,0.063,-33.699 -35.052,0.063,-38.386
POLY -6.248 -40.234,0.063,-33.661 -35.357,0.063,-33.699 -39.014,0.063,-33.699
POLY -6.248 25.603,2.515,-44.063 25.679,2.515,-44.406 24.028,2.515,-43.941 24.028,2.515,-43.643
POLY -6.248 37.871,3.302,-38.576 37.643,3.302,-39.986 37.643,3.302,-38.576
POLY -6.248 23.038,4.420,-43.440 24.473,4.420,-43.440 24.473,4.420,-45.752 23.038,4.420,-45.752
POLY -6.248 -24.403,1.782,-42.215 -24.403,1.418,-40.691 -23.279,1.232,-40.519 -23.279,1.359,-41.053
POLY -6.248 26.746,2.515,-43.148 27.013,2.515,-43.110 26.937,2.515,-43.224
POLY -6.248 37.871,3.302,-38.576 38.379,3.302,-38.576 38.379,3.302,-43.453 37.795,3.302,-43.453 37.643,3.302,-39.986
POLY -6.248 25.679,2.515,-44.406 24.460,2.515,-45.320 24.460,2.515,-44.063
POLY -6.248 32.918,2.546,-43.453 35.281,2.546,-40.291 36.614,2.546,-40.291 36.614,2.546,-43.453
POLY -6.248 25.418,2.907,-43.915 26.408,2.907,-42.925 26.518,3.200,-44.025
POLY -6.248 26.412,2.918,-42.965 27.047,2.918,-43.601 26.518,3.200,-44.025
POLY -6.248 -23.279,2.331,-43.885 -25.932,2.331,-43.795 -23.279,1.372,-41.053
POLY -6.248 27.661,3.607,-44.215 26.925,3.607,-43.145 27.353,3.607,-42.860 28.001,3.607,-42.989
POLY -6.248 27.757,3.607,-44.355 27.180,3.607,-44.283 26.585,3.607,-43.538 26.662,3.607,-42.763
POLY -6.248 25.578,2.950,-43.931 26.518,3.200,-44.025 25.578,2.950,-44.119
POLY -6.248 26.518,3.200,-44.025 26.152,2.875,-44.878 25.298,2.875,-44.147
POLY -6.248 40.519,1.246,-38.576 40.900,1.045,-37.814 42.672,1.159,-38.576 42.672,2.341,-43.453
POLY -6.248 27.441,3.607,-45.007 28.074,3.607,-42.726 28.554,3.607,-43.685 28.363,3.607,-44.545
POLY -6.248 28.384,2.546,-43.453 31.737,2.546,-45.320 28.461,2.546,-43.644
POLY -6.248 26.032,2.515,-44.141 26.874,2.515,-44.889 26.550,2.515,-45.752 23.884,2.515,-45.752
POLY -6.248 28.461,2.546,-43.644 31.432,2.546,-45.320 28.461,2.546,-44.025
POLY -6.248 32.581,2.546,-45.752 32.198,2.546,-45.752 28.461,2.546,-43.644
POLY -6.248 -32.652,0.063,-40.291 -32.766,0.063,-38.481 -29.058,0.063,-38.636 -29.058,0.063,-40.291
POLY -6.248 37.795,3.302,-43.453 37.490,3.302,-40.215 37.643,3.302,-39.986
POLY -6.248 26.984,3.607,-44.100 27.963,3.607,-44.317 28.105,3.607,-44.507 27.998,3.607,-45.576
POLY -6.248 27.363,3.607,-43.666 26.822,3.607,-44.825 25.857,3.147,-44.825 25.857,3.033,-44.311
POLY -6.248 27.089,3.607,-44.253 27.089,3.607,-45.622 26.633,3.607,-45.231
POLY -6.248 27.089,3.607,-44.253 27.753,3.607,-45.219 27.984,3.607,-45.053 27.089,3.607,-45.053
POLY -6.248 40.519,1.270,-38.576 42.672,2.337,-43.453 38.367,2.642,-43.453
POLY -6.248 37.369,3.302,-39.859 37.109,3.302,-43.453 36.601,3.302,-43.453 36.601,3.302,-39.859
POLY -6.248 37.795,3.302,-43.453 37.338,3.302,-40.291 37.490,3.302,-40.215
POLY -6.248 37.795,3.302,-43.453 36.601,3.302,-45.376 36.601,3.302,-43.453 37.109,3.302,-43.453 37.338,3.302,-40.291
POLY -6.248 28.461,2.546,-44.025 31.432,2.546,-45.320 31.432,2.546,-45.752 27.902,2.546,-45.752
POLY -6.248 28.042,2.546,-45.320 28.042,2.540,-44.939 28.461,2.546,-44.025
POLY -6.248 -27.445,3.495,-42.858 -27.445,2.467,-40.545 -25.622,2.467,-40.545
POLY -6.248 -25.514,2.826,-42.154 -27.445,3.488,-42.748 -27.445,3.515,-42.858 -25.514,2.394,-40.408
POLY -6.248 28.270,2.540,-44.444 28.042,2.540,-44.939 28.042,2.540,-44.596
POLY -6.248 28.087,3.740,-45.752 26.291,3.740,-45.752 27.089,3.607,-45.053
POLY -6.248 27.280,3.658,-45.129 27.470,3.658,-45.320 27.089,3.607,-45.053
POLY -6.248 27.377,3.559,-44.801 26.784,3.658,-45.320 26.044,3.398,-44.876 26.158,3.347,-44.685 26.851,3.559,-45.012
POLY -6.248 27.089,3.607,-45.053 28.264,3.607,-45.053 28.097,3.385,-44.721 27.280,3.658,-45.129
POLY -6.248 -49.454,0.063,-23.946 -48.681,0.063,-27.311 -48.863,0.063,-27.220
POLY -6.248 -49.886,0.063,-23.946 -49.454,0.063,-23.946 -48.881,0.063,-27.121 -49.886,0.063,-27.121
POLY -6.248 28.012,3.356,-45.184 27.470,3.658,-45.320 27.070,3.658,-44.920 28.005,3.346,-45.154
POLY -6.248 27.965,2.540,-45.015 28.042,2.540,-44.939 27.965,2.591,-45.168
POLY -6.248 28.042,2.540,-44.939 28.042,2.559,-46.285 27.772,2.720,-45.747
POLY -6.248 -38.786,0.216,-33.966 -37.871,0.216,-36.519 -38.100,0.216,-36.366
POLY -6.248 -38.786,0.216,-33.966 -38.100,0.216,-36.366 -38.786,0.216,-36.328
POLY -6.248 -45.110,0.063,-28.823 -49.295,0.063,-28.434 -49.122,0.063,-28.176
POLY -6.248 -45.110,0.063,-28.823 -49.806,0.063,-28.497 -49.621,0.063,-28.404
POLY -6.248 -45.110,0.063,-28.823 -49.085,0.063,-28.182 -49.085,0.063,-26.771
POLY -6.248 -48.959,0.063,-28.124 -48.959,0.063,-28.556 -45.110,0.063,-28.823 -49.987,0.063,-28.823 -49.987,0.063,-28.124
POLY -6.248 46.342,2.726,-44.103 42.672,1.143,-38.576 44.291,1.219,-38.576 46.342,1.316,-38.576
POLY -6.248 45.910,2.551,-43.453 44.958,2.880,-45.053 42.672,2.347,-43.453 42.672,1.163,-38.576
POLY -6.248 32.918,2.546,-43.453 34.766,2.534,-44.482 34.766,2.557,-44.634 32.918,3.267,-48.330
POLY -6.248 32.918,2.546,-43.453 36.614,2.546,-43.453 34.766,2.546,-44.482
POLY -6.248 32.918,2.562,-43.453 32.918,3.251,-48.330 31.610,3.327,-48.330 31.610,2.988,-45.930 32.042,2.963,-45.930
POLY -6.248 31.732,2.792,-45.969 32.918,2.546,-43.453 31.826,2.918,-46.159
POLY -6.248 -35.052,0.063,-38.386 -32.766,0.063,-38.481 -34.823,0.063,-38.576
POLY -6.248 -32.652,0.063,-40.291 -34.747,0.063,-38.691 -34.823,0.063,-38.576 -32.766,0.063,-38.481
POLY -6.248 -42.532,2.692,-37.332 -42.532,2.692,-33.649 -38.773,2.692,-33.649 -38.773,2.692,-37.332
POLY -6.248 -25.544,2.184,-43.808 -25.527,2.184,-43.377 -23.279,2.184,-43.453 -23.279,2.184,-43.885 -23.631,2.184,-43.885
POLY -6.248 -45.110,0.063,-33.699 -40.234,0.063,-33.661 -42.291,0.051,-33.699
POLY -6.248 -27.089,3.404,-42.767 -25.514,2.804,-42.092 -25.514,2.804,-43.611
POLY -6.248 -26.022,2.997,-42.310 -27.704,3.638,-43.031 -27.583,3.558,-42.790
POLY -6.248 -30.480,3.212,-43.453 -30.480,3.212,-40.278 -29.058,3.212,-40.278 -29.058,3.212,-42.085
POLY -6.248 -32.360,2.685,-40.278 -30.432,3.229,-40.278 -30.719,3.188,-43.301 -32.360,2.725,-43.301
POLY -6.248 -30.480,3.212,-43.453 -31.026,3.212,-43.453 -31.064,3.212,-42.402 -30.632,3.212,-42.386 -30.480,3.212,-40.786
POLY -6.248 -34.743,0.063,-38.818 -37.795,0.063,-36.671 -34.361,0.063,-38.818
POLY -6.248 -27.982,3.562,-42.915 -27.506,3.562,-42.544 -26.022,2.997,-43.339
POLY -6.248 -26.022,2.997,-43.339 -26.028,2.703,-43.770 -28.733,3.110,-43.732 -28.727,3.404,-43.301 -27.432,3.404,-43.034
POLY -6.248 -34.747,0.063,-38.691 -32.652,0.063,-40.291 -34.747,0.063,-40.748
POLY -6.248 -37.795,0.063,-36.671 -35.357,0.063,-38.386 -37.262,0.063,-38.386
POLY -6.248 -37.795,0.063,-36.671 -37.262,0.063,-38.386 -37.795,0.063,-38.576
POLY -6.248 36.614,2.546,-45.510 34.766,2.546,-44.634 34.766,2.546,-44.482 36.614,2.546,-43.453
POLY -6.248 -28.457,3.404,-42.602 -27.432,3.404,-42.602 -27.432,3.404,-43.034 -28.727,3.404,-43.301 -28.727,3.404,-43.732 -29.264,3.404,-43.732
POLY -6.248 -42.520,0.102,-33.966 -45.110,0.063,-33.699 -42.291,0.051,-33.699
POLY -6.248 36.614,2.946,-45.815 34.766,2.546,-44.634 36.614,2.743,-45.510
POLY -6.248 32.918,3.258,-48.330 34.766,2.580,-44.634 36.614,2.887,-45.815 37.414,3.302,-47.720
POLY -6.248 -34.747,0.229,-40.748 -32.804,0.229,-40.367 -32.956,0.229,-40.596
POLY -6.248 -37.782,1.778,-36.398 -37.782,1.778,-38.576 -40.095,1.778,-38.576 -40.131,1.778,-37.702 -39.167,1.778,-37.662
POLY -6.248 -38.291,1.778,-36.862 -39.167,1.778,-37.662 -39.091,1.778,-37.319 -38.862,1.778,-37.167
POLY -6.248 -37.456,1.778,-36.416 -38.862,1.778,-37.167 -38.674,1.778,-36.323
POLY -6.248 -37.579,3.454,-41.256 -37.579,3.454,-38.373 -34.734,3.454,-38.373 -34.734,3.454,-41.256
POLY -6.248 -32.347,1.626,-42.577 -32.969,1.626,-43.614 -32.969,1.626,-40.278 -32.347,1.626,-40.278
POLY -6.248 37.795,3.302,-43.453 38.380,3.302,-43.453 38.417,3.302,-44.463 37.909,3.302,-44.482
POLY -6.248 38.483,3.302,-44.885 37.109,3.302,-44.558 38.286,3.302,-42.662
POLY -6.248 38.367,3.302,-44.748 37.909,3.302,-44.748 37.795,3.302,-43.453 38.351,3.302,-43.391 38.367,3.302,-43.536
POLY -6.248 -42.520,0.254,-33.966 -42.520,0.254,-36.862 -44.806,0.254,-36.328 -45.110,0.254,-33.699
POLY -6.248 -32.525,0.229,-40.749 -35.179,0.229,-40.975 -35.179,0.229,-40.785 -32.525,0.229,-40.559
POLY -6.248 -30.480,3.212,-43.453 -29.137,3.212,-42.162 -29.034,3.212,-42.523
POLY -6.248 38.367,2.850,-44.634 38.367,2.627,-43.453 39.300,2.768,-45.129 39.853,2.931,-46.539
POLY -6.248 42.672,2.337,-43.453 39.300,2.743,-45.129 38.367,2.642,-43.453
POLY -6.248 -35.052,0.229,-41.243 -34.900,0.229,-41.167 -32.956,0.229,-40.786 -32.956,0.229,-42.958
POLY -6.248 -32.956,0.229,-40.786 -34.900,0.229,-41.167 -34.747,0.229,-40.938
POLY -6.248 -29.255,3.271,-42.602 -28.457,3.404,-42.602 -28.956,3.404,-43.301
POLY -6.248 -30.480,3.212,-43.453 -29.413,3.212,-42.767 -29.185,3.212,-43.453
POLY -6.248 -29.719,3.212,-41.851 -29.274,3.304,-42.296 -29.185,3.212,-43.453
POLY -6.248 -37.262,0.254,-38.386 -37.490,0.275,-38.576 -37.795,0.275,-38.576
POLY -6.248 -42.532,1.778,-38.170 -42.532,1.778,-37.319 -39.091,1.778,-37.319 -39.280,1.778,-38.170
POLY -6.248 37.909,3.302,-44.748 36.543,3.302,-46.426 36.605,3.302,-44.438
POLY -6.248 -37.567,0.275,-38.691 -37.795,0.275,-38.576 -37.490,0.275,-38.576
POLY -6.248 -29.054,3.212,-44.087 -30.480,3.212,-43.453 -28.685,3.212,-43.453
POLY -6.248 -37.567,0.275,-38.691 -37.567,0.275,-40.938 -37.795,0.275,-41.015 -37.795,0.275,-38.576
POLY -6.248 -49.987,0.063,-33.598 -50.533,0.063,-33.598 -50.533,0.063,-28.124 -49.987,0.063,-28.124
POLY -6.248 37.909,3.302,-44.748 37.795,3.302,-46.539 37.071,3.302,-45.777
POLY -6.248 -39.637,1.778,-38.576 -37.782,1.778,-38.576 -37.782,1.778,-48.076 -39.637,1.778,-48.076
POLY -6.248 38.557,3.099,-46.425 38.100,3.149,-46.425 38.214,2.896,-44.863 38.367,2.844,-44.634
POLY -6.248 38.367,2.845,-44.634 39.853,2.946,-46.539 38.557,3.099,-46.425
POLY -6.248 -45.110,0.063,-33.699 -49.654,0.063,-33.221 -48.813,0.063,-33.782 -49.987,0.063,-28.823
POLY -6.248 -49.473,0.063,-30.994 -48.856,0.063,-33.598 -49.987,0.063,-33.598 -49.987,0.063,-30.994
POLY -6.248 -30.480,3.212,-43.453 -29.019,3.212,-44.102 -29.019,3.212,-45.269 -30.698,3.212,-45.269
POLY -6.248 38.024,2.946,-44.901 38.100,3.150,-46.425 37.795,3.302,-46.539
POLY -6.248 38.100,3.150,-46.425 38.002,2.889,-44.469 38.100,2.824,-44.469
POLY -6.248 38.100,3.150,-46.425 38.100,2.896,-44.901 38.214,2.896,-44.863
POLY -6.248 -30.480,3.212,-43.453 -30.594,3.212,-44.406 -31.102,3.212,-44.406 -31.102,3.212,-43.453
POLY -6.248 -33.223,0.233,-43.453 -32.652,0.283,-43.263 -32.652,0.318,-42.831 -31.090,0.413,-42.831 -31.090,0.362,-43.453
POLY -6.248 -32.766,1.626,-43.275 -32.347,1.626,-42.577 -31.928,1.626,-43.275
POLY -6.248 -48.654,0.252,-33.471 -45.110,0.252,-33.699 -45.110,0.252,-36.328 -47.263,0.252,-36.309
POLY -6.248 -45.110,0.063,-33.699 -44.756,0.285,-36.760 -45.110,0.463,-36.760
POLY -6.248 37.414,3.267,-47.720 36.614,2.946,-45.815 37.414,3.302,-46.958
POLY -6.248 36.312,2.812,-45.383 36.889,2.812,-45.383 37.414,3.302,-46.958
POLY -6.248 -39.624,0.881,-38.576 -40.234,0.881,-38.157 -39.624,0.813,-38.157
POLY -6.248 -31.090,0.341,-43.453 -34.290,0.203,-43.529 -33.223,0.254,-43.453
POLY -6.248 -33.376,0.341,-45.472 -34.061,0.341,-43.682 -31.090,0.341,-43.453 -31.090,0.341,-44.596
POLY -6.248 -36.424,0.229,-42.977 -37.529,0.229,-42.348 -37.262,0.229,-41.243 -35.052,0.229,-41.243
POLY -6.248 -35.052,0.229,-41.243 -35.357,0.229,-43.453 -36.347,0.229,-44.253 -37.795,0.229,-44.710
POLY -6.248 -35.052,0.229,-41.243 -32.956,0.229,-42.958 -35.357,0.229,-43.453
POLY -6.248 37.414,3.302,-46.958 37.033,2.946,-45.815 37.490,3.302,-46.844
POLY -6.248 37.795,3.302,-46.539 37.490,3.302,-46.844 37.033,2.946,-45.815
POLY -6.248 -39.834,0.881,-40.576 -39.834,0.881,-43.339 -40.043,0.881,-43.224 -40.043,0.881,-42.577
POLY -6.248 -39.624,0.881,-38.576 -40.043,0.881,-42.577 -40.234,0.881,-42.272 -40.234,0.881,-38.157
POLY -6.248 -40.234,0.881,-38.576 -41.681,0.881,-38.157 -40.234,0.881,-38.157
POLY -6.248 -32.880,0.254,-43.110 -35.357,0.254,-43.453 -32.956,0.229,-42.958
POLY -6.248 42.672,2.374,-43.453 44.882,2.853,-45.434 42.672,2.913,-45.891 39.300,2.682,-45.129
POLY -6.248 40.234,2.973,-46.806 39.853,2.941,-46.539 39.300,2.744,-45.129 42.672,2.794,-45.891
POLY -6.248 45.314,3.066,-45.821 42.672,2.337,-43.453 45.314,3.066,-45.548
POLY -6.248 45.227,3.042,-45.480 42.672,2.337,-43.453 45.316,2.983,-45.304
POLY -6.248 -32.652,0.254,-43.263 -33.223,0.254,-43.453 -35.357,0.254,-43.453 -32.880,0.254,-43.110
POLY -6.248 32.918,3.267,-53.257 31.610,3.267,-53.257 31.610,3.267,-48.330 32.918,3.267,-48.330
POLY -6.248 -44.463,0.408,-36.671 -42.088,0.465,-36.904 -42.088,0.613,-37.586 -44.463,0.608,-37.586
POLY -6.248 -44.653,0.356,-36.405 -42.520,0.457,-36.862 -44.463,0.406,-36.671
POLY -6.248 -41.872,0.881,-41.358 -40.234,0.881,-38.576 -41.224,0.881,-41.358
POLY -6.248 -40.234,0.881,-38.576 -41.872,0.881,-41.358 -42.291,0.881,-41.662 -42.672,0.881,-38.576
POLY -6.248 -41.224,0.881,-41.358 -40.234,0.881,-38.576 -40.996,0.881,-41.472
POLY -6.248 -40.234,0.881,-38.576 -42.672,0.881,-38.576 -42.215,0.881,-38.157 -41.681,0.881,-38.157
POLY -6.248 -40.996,0.881,-41.472 -40.234,0.881,-38.576 -40.843,0.881,-41.624
POLY -6.248 -40.234,0.881,-38.576 -40.234,0.881,-42.272 -40.843,0.881,-41.624
POLY -6.248 -29.118,0.435,-45.892 -30.480,0.445,-45.244 -29.019,0.531,-45.244 -29.019,0.445,-45.860
POLY -6.248 37.490,3.267,-47.873 32.918,3.267,-48.330 37.414,3.267,-47.720
POLY -6.248 37.795,3.267,-48.139 32.918,3.267,-52.826 32.918,3.267,-48.330
POLY -6.248 37.795,3.267,-48.139 32.918,3.267,-48.330 37.490,3.267,-47.873
POLY -6.248 -32.652,0.341,-47.377 -33.376,0.341,-45.853 -33.376,0.341,-45.472 -31.090,0.341,-44.596
POLY -6.248 -33.067,0.341,-48.117 -31.090,0.341,-44.596 -30.318,0.341,-46.525
POLY -6.248 -33.223,0.252,-43.453 -34.290,0.216,-43.529 -34.671,0.217,-43.529 -35.357,0.256,-43.453
POLY -6.248 -37.795,0.275,-43.453 -37.795,0.275,-41.015 -37.567,0.275,-40.938 -37.490,0.275,-41.091
POLY -6.248 -37.262,0.229,-41.243 -37.795,0.275,-43.453 -37.490,0.275,-41.091
POLY -6.248 -42.088,0.610,-37.586 -42.088,0.610,-37.852 -44.895,0.610,-37.852 -44.895,0.610,-37.586
POLY -6.248 -30.400,0.444,-46.579 -30.632,0.444,-45.244 -30.480,0.444,-45.244 -29.216,0.444,-45.846
POLY -6.248 -30.272,0.444,-46.498 -30.480,0.444,-46.120 -28.981,0.444,-45.192 -29.392,0.444,-46.014
POLY -6.248 38.557,3.099,-46.425 39.205,2.997,-46.501 38.862,3.099,-46.539
POLY -6.248 -30.480,0.444,-46.120 -30.861,0.444,-45.091 -30.632,0.444,-45.244
POLY -6.248 -42.520,0.610,-37.852 -42.367,0.660,-38.081 -44.615,0.660,-38.081 -44.463,0.610,-37.852
POLY -6.248 -42.215,0.711,-38.157 -44.615,0.660,-38.081 -42.367,0.660,-38.081
POLY -6.248 -42.672,0.881,-38.576 -44.615,0.881,-38.081 -42.215,0.881,-38.157
POLY -6.248 38.862,3.099,-46.539 39.205,2.997,-46.501 38.900,3.099,-46.615
POLY -6.248 38.710,4.318,-47.492 37.423,4.318,-46.879 37.886,4.318,-46.416 38.122,4.318,-46.389
POLY -6.248 38.710,4.318,-47.492 37.531,4.318,-47.908 37.401,4.318,-47.778 37.401,4.318,-46.869
POLY -6.248 38.710,4.318,-47.492 38.050,4.318,-46.256 39.562,4.318,-46.633 39.555,4.318,-46.623 38.710,4.318,-47.187
POLY -6.248 -35.357,0.229,-43.453 -34.671,0.229,-43.529 -35.357,0.229,-43.834 -36.347,0.229,-44.253
POLY -6.248 -49.085,0.252,-32.590 -47.263,0.252,-36.309 -49.085,0.252,-34.237
POLY -6.248 44.971,2.936,-45.333 46.302,2.375,-42.671 46.442,2.936,-45.333
POLY -6.248 44.446,3.087,-45.914 45.910,2.540,-43.453 44.797,3.009,-45.679
POLY -6.248 -42.291,0.881,-41.662 -45.110,0.881,-38.576 -42.672,0.881,-38.576
POLY -6.248 -42.672,0.660,-38.576 -45.110,0.881,-38.576 -44.615,0.660,-38.081
POLY -6.248 38.710,4.301,-48.277 38.710,4.333,-46.513 38.982,4.253,-46.568 38.767,4.284,-48.291
POLY -6.248 -33.154,1.727,-45.986 -35.357,1.727,-46.833 -35.357,1.727,-43.796 -34.162,1.727,-43.277
POLY -6.248 -46.025,1.808,-38.170 -46.025,1.808,-37.662 -48.044,1.808,-36.786 -48.038,1.808,-36.278 -44.450,1.808,-36.322 -44.450,1.808,-38.170
POLY -6.248 39.700,4.166,-47.796 38.927,4.166,-46.507 39.688,4.166,-46.423 39.911,4.166,-46.534
POLY -6.248 39.700,4.166,-47.796 39.052,4.166,-47.568 39.052,4.166,-46.589 39.008,4.166,-46.642
POLY -6.248 39.052,4.201,-46.478 39.052,4.138,-48.190 38.786,4.294,-48.136 38.995,4.234,-46.463
POLY -6.248 39.348,4.318,-47.266 38.826,4.318,-48.137 38.375,4.318,-48.317 38.000,4.318,-48.276 38.062,4.318,-47.720
POLY -6.248 42.672,2.968,-45.891 42.672,2.968,-48.330 40.386,2.968,-47.149 40.234,2.968,-46.806
POLY -6.248 40.155,4.166,-48.121 39.700,4.166,-47.796 39.814,4.166,-47.111 40.364,4.166,-47.011 40.483,4.166,-47.662
POLY -6.248 37.795,3.267,-48.139 37.795,3.267,-53.257 32.469,3.267,-53.257
POLY -6.248 38.024,3.267,-48.254 37.795,3.267,-48.330 37.795,3.267,-48.139
POLY -6.248 40.656,4.166,-48.134 39.582,4.166,-48.402 38.438,4.166,-48.259 38.350,4.166,-48.153 39.052,4.166,-47.568
POLY -6.248 42.672,2.766,-45.891 45.314,3.010,-45.345 45.314,3.292,-48.330 42.672,2.996,-48.330
POLY -6.248 38.500,3.267,-50.578 37.795,3.267,-48.330 39.205,3.267,-48.330 38.748,3.267,-50.578
POLY -6.248 39.205,3.267,-48.330 37.795,3.267,-48.330 38.557,3.267,-48.254
POLY -6.248 37.795,3.267,-48.330 38.024,3.267,-48.254 38.557,3.267,-48.254
POLY -6.248 38.500,3.267,-50.578 37.795,3.267,-52.826 37.795,3.267,-48.330
POLY -6.248 42.672,2.968,-48.330 40.386,2.968,-47.682 40.386,2.968,-47.149
POLY -6.248 -35.312,1.727,-43.792 -35.471,1.727,-45.968 -35.980,1.727,-46.198 -36.594,1.727,-44.839 -36.437,1.727,-44.214
POLY -6.248 -36.013,1.727,-46.103 -35.471,1.727,-45.968 -35.357,1.727,-44.406 -35.357,1.727,-47.096 -34.964,1.727,-46.704 -35.937,1.727,-46.408
POLY -6.248 -46.880,0.252,-36.745 -49.625,0.773,-36.720 -48.654,0.252,-34.728
POLY -6.248 38.938,3.251,-48.216 38.557,3.267,-48.254 38.862,3.251,-48.101
POLY -6.248 39.205,3.267,-48.330 38.557,3.267,-48.254 38.938,3.251,-48.216
POLY -6.248 -44.767,0.716,-38.157 -45.110,0.785,-38.576 -45.568,0.863,-38.957 -45.568,0.804,-38.157
POLY -6.248 -48.356,0.033,-34.112 -49.416,0.660,-36.290 -48.709,0.111,-34.348
POLY -6.248 -33.376,0.341,-45.853 -32.652,0.341,-47.377 -33.452,0.341,-45.968
POLY -6.248 40.386,2.968,-47.682 42.672,2.968,-48.330 40.195,3.048,-48.063
POLY -6.248 -37.795,0.229,-44.710 -36.347,0.229,-44.253 -36.500,0.229,-44.482
POLY -6.248 -32.438,0.341,-47.753 -32.904,0.341,-48.050 -33.680,0.341,-46.158 -33.452,0.341,-45.968
POLY -6.248 38.748,3.267,-50.578 39.205,3.267,-48.330 39.700,3.267,-48.330 42.672,3.267,-48.330
POLY -6.248 -48.801,0.183,-34.601 -49.416,0.660,-36.290 -49.847,0.708,-36.290 -49.847,0.299,-34.601
POLY -6.248 -45.076,1.808,-38.074 -45.097,1.808,-38.576 -48.476,1.808,-38.576 -48.476,1.808,-36.598
POLY -6.248 42.672,3.267,-48.330 40.005,3.267,-48.216 40.195,3.267,-48.063
POLY -6.248 -40.843,0.881,-41.624 -40.348,0.864,-42.158 -40.691,0.914,-42.043
POLY -6.248 42.672,3.267,-48.330 39.700,3.267,-48.330 40.005,3.267,-48.216
POLY -6.248 -37.795,0.341,-44.710 -36.500,0.229,-44.482 -36.500,0.341,-44.710
POLY -6.248 -33.680,0.341,-46.158 -32.894,0.341,-48.076 -35.432,0.341,-48.076 -35.204,0.341,-46.768
POLY -6.248 -45.110,0.881,-43.453 -45.720,0.881,-39.186 -45.110,0.881,-38.576
POLY -6.248 -42.291,0.881,-41.662 -42.405,0.881,-41.929 -45.110,0.881,-43.453 -45.110,0.881,-38.576
POLY -6.248 -36.500,0.341,-44.939 -37.795,0.341,-44.710 -36.500,0.341,-44.710
POLY -6.248 -35.814,0.341,-46.577 -37.795,0.341,-47.644 -37.795,0.341,-44.710 -36.500,0.341,-44.939
POLY -6.248 -41.377,2.032,-41.853 -41.973,2.032,-43.047 -42.401,2.032,-42.726 -42.447,2.032,-42.311
POLY -6.248 -41.559,2.032,-40.880 -40.637,2.032,-41.802 -40.646,2.032,-41.742 -41.158,2.032,-43.021
POLY -6.248 -41.377,2.032,-41.345 -41.377,2.032,-41.853 -42.597,2.032,-42.376 -42.375,2.032,-41.710 -41.889,2.032,-41.345
POLY -6.248 -41.377,2.032,-41.853 -41.232,2.032,-42.625 -41.292,2.032,-42.665 -41.377,2.032,-43.504 -42.202,2.032,-43.504
POLY -6.248 -40.805,2.032,-43.263 -41.190,2.032,-41.802 -40.476,2.032,-41.881 -40.259,2.032,-42.170
POLY -6.248 -45.555,1.808,-38.576 -45.555,1.808,-39.275 -48.476,1.808,-39.275 -48.476,1.808,-38.576
POLY -6.248 -41.184,2.032,-44.020 -40.538,2.032,-42.729 -39.982,2.032,-42.780 -40.043,2.032,-43.449
POLY -6.248 -39.624,0.914,-43.453 -40.234,0.914,-43.529 -40.157,0.881,-43.453
POLY -6.248 -39.624,0.914,-45.015 -40.081,0.914,-45.015 -40.234,0.914,-43.529 -39.624,0.914,-43.453
POLY -6.248 -40.043,0.881,-43.224 -39.624,0.881,-43.453 -40.157,0.881,-43.453
POLY -6.248 -40.805,2.032,-43.263 -41.367,2.032,-42.598 -41.318,2.032,-42.501 -41.042,2.032,-42.363
POLY -6.248 -45.110,0.881,-43.453 -45.872,0.881,-39.262 -45.720,0.881,-39.186
POLY -6.248 -45.110,0.881,-43.453 -48.044,0.881,-39.262 -45.872,0.881,-39.262
POLY -6.248 -42.405,0.881,-42.462 -45.110,0.881,-43.453 -42.405,0.881,-41.929
POLY -6.248 -40.262,2.032,-43.905 -41.370,2.032,-43.746 -42.139,2.032,-42.785 -42.139,2.032,-42.767 -41.224,2.032,-42.767
POLY -6.248 -40.234,0.914,-43.529 -40.081,0.914,-45.015 -40.234,0.914,-45.091 -40.653,0.914,-43.758
POLY -6.248 38.748,3.267,-50.578 42.672,3.267,-48.330 42.672,3.267,-52.826
POLY -6.248 45.314,3.267,-48.330 45.314,3.267,-53.257 42.672,3.267,-53.257 42.672,3.267,-48.330
POLY -6.248 -35.204,0.341,-46.768 -35.357,0.341,-47.644 -35.547,0.341,-46.768
POLY -6.248 -38.597,0.341,-48.076 -35.814,0.341,-46.577 -35.172,0.341,-48.076
POLY -6.248 -35.814,0.341,-46.577 -35.547,0.341,-46.768 -35.357,0.341,-47.644
POLY -6.248 38.748,3.267,-50.578 40.234,3.267,-52.826 38.500,3.267,-50.578
POLY -6.248 40.567,3.267,-53.257 37.660,3.267,-53.257 38.500,3.267,-50.578
POLY -6.248 -45.110,0.881,-43.453 -42.405,0.881,-42.462 -42.291,0.881,-42.729
POLY -6.248 -40.500,0.914,-45.320 -41.110,0.914,-43.758 -40.653,0.914,-43.758 -40.234,0.914,-45.091
POLY -6.248 -41.719,0.881,-43.186 -41.872,0.881,-43.034 -41.719,0.881,-43.034
POLY -6.248 38.748,3.267,-50.578 43.426,3.267,-53.257 40.519,3.267,-53.257
POLY -6.248 -45.110,0.881,-43.453 -42.291,0.881,-42.729 -42.101,0.881,-42.920
POLY -6.248 -42.901,0.881,-47.835 -45.110,0.881,-43.453 -42.101,0.881,-42.920 -41.872,0.881,-43.034
POLY -6.248 -42.901,0.881,-47.835 -41.872,0.881,-43.034 -41.719,0.881,-43.186 -41.567,0.881,-43.453
POLY -6.248 -41.110,0.914,-43.758 -40.500,0.914,-45.320 -40.615,0.881,-45.549
POLY -6.248 -41.377,0.881,-43.644 -41.110,0.881,-43.758 -40.615,0.881,-45.549
POLY -6.248 -41.567,0.881,-43.453 -40.615,0.881,-46.196 -42.445,0.881,-48.184 -43.043,0.881,-48.303
POLY -6.248 -41.567,0.881,-43.453 -41.377,0.881,-43.644 -40.615,0.881,-45.549 -40.615,0.881,-46.196
POLY -6.248 -45.110,0.881,-43.453 -48.357,0.881,-43.453 -48.476,0.881,-43.155 -48.476,0.881,-38.645
POLY -6.248 -39.638,2.032,-47.074 -39.506,2.032,-44.842 -39.129,2.032,-45.345 -39.129,2.032,-46.438
POLY -6.248 -39.586,2.032,-46.196 -40.529,2.032,-45.320 -40.137,2.032,-44.928 -39.515,2.032,-44.990
POLY -6.248 -38.984,2.032,-46.755 -40.045,2.032,-46.755 -40.619,2.032,-46.372 -40.732,2.032,-45.132
POLY -6.248 -39.624,0.881,-48.076 -40.342,0.881,-48.076 -40.005,0.881,-46.730 -39.624,0.881,-46.730
POLY -6.248 -40.139,0.881,-48.076 -42.346,0.881,-48.076 -40.615,0.881,-46.196 -40.500,0.881,-46.425
POLY -6.248 -40.005,0.881,-46.730 -40.234,0.881,-47.644 -40.234,0.881,-46.615
POLY -6.248 -40.234,0.881,-47.644 -40.500,0.881,-46.425 -40.234,0.881,-46.615
POLY -6.248 -46.063,0.881,-46.425 -45.110,0.881,-43.453 -45.834,0.881,-46.577
POLY -6.248 -45.110,0.881,-43.453 -45.758,0.881,-46.730 -45.834,0.881,-46.577
POLY -6.248 -48.247,0.881,-43.762 -45.110,0.881,-43.453 -46.063,0.881,-46.425 -48.247,0.881,-46.425
POLY -6.248 -42.901,0.881,-47.835 -46.190,0.881,-46.914 -46.190,0.881,-46.730 -45.758,0.881,-46.730 -45.110,0.881,-43.453
POLY -6.248 -45.110,0.881,-43.453 -48.252,0.881,-43.763 -48.341,0.881,-43.453
POLY -6.248 -42.352,0.881,-47.988 -42.078,0.881,-47.805 -45.110,0.881,-48.330 -45.758,0.881,-47.034
POLY -6.248 -42.784,0.881,-48.424 -43.205,0.881,-48.330 -43.358,0.881,-48.863 -45.110,0.881,-48.330 -42.669,0.881,-47.907
POLY -6.248 -43.205,0.881,-48.330 -42.774,1.028,-48.330 -42.774,1.076,-48.824 -43.021,1.022,-49.133 -43.358,0.881,-48.863
POLY -6.248 -45.110,0.881,-48.330 -45.758,0.881,-48.749 -45.758,0.881,-47.034
POLY -6.248 -45.110,0.881,-48.330 -42.926,0.881,-48.995 -42.926,0.881,-51.102 -45.110,0.881,-51.149
POLY -6.248 -48.247,2.388,-46.412 -45.745,2.388,-46.412 -45.745,2.388,-49.066 -48.247,2.388,-49.066
POLY -6.248 -45.110,0.881,-48.330 -45.110,0.881,-51.149 -45.872,0.881,-51.149 -45.910,0.881,-48.978
POLY -6.248 -45.110,0.881,-48.330 -45.910,0.881,-48.978 -45.758,0.881,-48.749
POLY -6.248 -46.101,0.881,-49.054 -45.910,0.881,-48.978 -45.872,0.881,-51.149 -46.025,0.881,-51.225
POLY -6.248 -46.025,0.881,-51.225 -47.816,0.881,-49.054 -46.101,0.881,-49.054
POLY -6.248 -44.527,0.914,-51.576 -44.463,0.914,-51.149 -42.851,0.914,-51.094 -42.304,0.914,-51.913
POLY -6.248 -42.774,2.794,-51.379 -42.774,2.794,-52.838 -44.171,2.794,-52.838 -44.171,2.794,-51.146
POLY -6.248 -46.025,0.881,-51.225 -46.177,0.881,-51.454 -48.247,0.881,-51.695 -48.247,0.881,-48.530
POLY -6.248 -44.752,1.930,-52.838 -45.283,1.930,-51.070 -44.158,1.930,-51.160 -44.158,1.930,-52.838
POLY -6.248 -45.110,1.930,-51.645 -44.752,1.930,-52.839 -44.871,1.930,-52.918 -45.110,1.930,-52.559 -45.682,1.930,-52.749
POLY -6.248 -44.848,1.930,-51.137 -45.682,1.930,-52.749 -46.190,1.930,-52.749 -46.190,1.930,-51.137
POLY -6.248 -48.247,0.881,-51.695 -46.177,0.881,-51.454 -46.177,0.881,-52.940 -48.247,0.881,-53.277
POLY -6.248 -45.767,1.930,-53.302 -45.682,1.930,-52.749 -44.614,1.930,-52.393 -44.911,1.930,-53.433
POLY -6.248 -44.755,0.881,-55.089 -45.758,0.881,-53.283 -44.755,0.881,-53.350
POLY -6.248 -47.816,0.881,-53.207 -46.177,0.881,-52.940 -45.949,0.881,-53.207 -45.187,0.881,-54.312
POLY -6.248 -45.187,0.881,-54.312 -45.949,0.881,-53.207 -45.758,0.881,-53.283
POLY -6.248 -48.247,0.881,-53.025 -45.187,0.881,-54.312 -45.187,0.881,-54.743 -48.247,0.881,-54.743
POLY -6.248 16.846,0.076,12.913 15.164,0.076,14.154 17.348,0.076,15.294 17.348,0.076,12.962
POLY -6.248 -1.219,0.076,8.115 -0.762,0.076,7.982 -0.667,0.076,5.798 -1.219,0.076,5.798
POLY -6.248 21.393,0.076,33.985 21.279,0.076,33.528 19.036,0.076,34.158 19.142,0.076,34.229
POLY -6.248 21.431,0.076,34.061 21.526,0.076,34.423 23.636,0.076,33.933 23.470,0.076,33.734
POLY -6.248 23.774,0.199,24.822 23.679,0.179,22.022 23.165,0.070,24.098 23.355,0.110,24.822
POLY -6.248 36.940,0.914,5.264 37.167,0.914,10.916 37.476,0.914,5.303 37.053,0.914,5.264
POLY -6.248 10.858,0.105,-11.563 11.506,0.105,-11.563 12.105,0.105,-14.053 11.043,0.105,-14.053
POLY -6.248 14.516,0.105,-10.801 14.059,0.105,-10.916 11.597,0.105,-9.493 12.867,0.105,-9.493
POLY -6.248 -36.405,0.214,27.356 -35.376,0.214,27.318 -37.643,0.214,27.146 -37.452,0.214,27.222
POLY -6.248 48.520,1.481,7.753 48.520,1.481,11.887 50.571,1.481,10.946 50.571,1.481,7.753
POLY -6.248 -24.403,1.429,-40.691 -24.403,1.772,-42.215 -25.527,2.188,-43.377 -25.527,1.622,-40.862
POLY -6.248 -37.529,0.229,-42.348 -36.424,0.229,-42.977 -37.795,0.229,-44.710 -37.795,0.229,-43.453
POLY -6.248 -39.834,0.881,-43.339 -39.834,0.881,-40.576 -39.624,0.881,-38.576 -39.624,0.881,-43.453
POLY -6.248 -6.096,0.076,22.384 -6.096,0.076,19.945 -6.610,0.076,22.384
POLY -6.248 -21.317,3.231,42.558 -21.907,3.231,40.786 -25.055,3.231,43.804
POLY -6.248 -35.357,3.048,44.329 -30.480,3.231,44.329 -35.357,3.207,43.539
POLY -6.248 -49.987,0.063,-30.994 -49.987,0.063,-28.823 -49.473,0.063,-30.994
POLY -6.248 16.916,0.407,15.069 16.612,0.407,16.783 16.830,0.407,16.892 16.856,0.407,16.715 16.688,0.407,16.631
POLY -6.248 16.830,0.737,16.892 16.998,0.737,16.976 17.074,0.737,16.824 16.856,0.737,16.715
POLY -6.248 -2.019,0.305,38.100 -1.219,0.305,39.453 -2.667,0.305,36.824
POLY -6.248 -0.097,0.954,9.999 -0.351,0.954,9.661 -0.503,0.954,9.775 -0.281,0.954,10.136
POLY -6.248 -0.293,1.267,10.673 0.076,1.267,10.230 -0.097,1.267,9.999 -0.281,1.267,10.136 -0.173,1.267,10.312
POLY -6.248 14.924,0.321,38.555 14.783,0.321,38.386 13.411,0.321,39.453 14.554,0.321,38.576 14.689,0.321,38.738
POLY -6.248 15.059,0.566,38.717 14.924,0.566,38.555 14.689,0.566,38.738 14.831,0.566,38.908
POLY -6.248 23.165,0.076,29.699 22.136,0.076,29.623 21.679,0.076,29.623
POLY -6.248 13.564,0.152,41.091 13.564,0.152,40.253 13.411,0.152,41.891
POLY -6.248 23.298,0.229,33.253 23.165,0.229,29.699 23.165,0.229,33.342
POLY -6.248 -0.735,0.373,6.130 -0.686,0.373,6.229 1.448,0.373,5.315 -0.533,0.373,6.153 -0.578,0.373,6.064
POLY -6.248 -0.785,0.671,6.031 -0.735,0.671,6.130 -0.578,0.671,6.064 -0.628,0.671,5.965
POLY -6.248 -0.834,0.968,5.932 -0.785,0.968,6.031 -0.628,0.968,5.965 -0.677,0.968,5.866
POLY -6.248 -0.879,1.265,5.843 -0.834,1.265,5.932 -0.677,1.265,5.866 -0.727,1.265,5.767
POLY -6.248 -7.856,3.094,41.769 -6.096,3.094,41.662 -7.372,3.094,41.662
POLY -6.248 -8.635,3.343,41.660 -8.611,3.343,41.815 -7.856,3.343,41.769 -7.372,3.343,41.662 -7.658,3.343,41.662 -7.692,3.343,41.452
POLY -6.248 -8.679,3.592,41.388 -8.635,3.592,41.660 -7.692,3.592,41.452 -7.726,3.592,41.236
POLY -6.248 -8.085,0.330,8.630 -7.963,0.330,8.630 -7.201,0.330,6.763 -8.040,0.330,8.482
POLY -6.248 -8.395,0.610,8.630 -8.085,0.610,8.630 -8.040,0.610,8.482 -8.395,0.610,9.210
POLY -6.248 -19.604,3.484,29.065 -19.788,3.484,28.942 -19.959,3.484,29.242
POLY -6.248 -19.421,3.769,29.187 -19.604,3.769,29.065 -19.959,3.769,29.242 -20.130,3.769,29.542
POLY -6.248 -20.155,4.055,29.585 -19.237,4.055,29.309 -19.421,4.055,29.187 -20.130,4.055,29.542
POLY -6.248 -7.887,-0.657,0.438 -7.353,-0.657,2.000 -7.357,-0.657,2.003 -7.205,-0.657,2.231 -7.201,-0.657,2.229
POLY -6.248 -7.357,-0.349,2.003 -7.713,-0.349,2.240 -7.560,-0.349,2.468 -7.205,-0.349,2.231
POLY -6.248 -20.726,3.556,29.470 -20.726,3.556,29.699 -20.650,3.556,29.585
POLY -6.248 -22.098,3.556,29.699 -20.726,3.556,29.699 -20.726,3.556,29.470
POLY -6.248 -2.553,2.179,51.701 -2.553,2.179,51.454 -3.340,2.179,51.187 -3.040,2.179,51.383 -2.858,2.179,51.454 -2.858,2.179,51.502
POLY -6.248 -2.553,2.410,51.886 -2.553,2.410,51.701 -3.340,2.410,51.187 -4.128,2.410,50.921 -3.978,2.410,51.018 -3.040,2.410,51.383 -2.858,2.410,51.502 -2.858,2.410,51.749 -2.648,2.410,51.886
POLY -6.248 -4.128,2.642,50.921 -4.915,2.642,50.654 -3.978,2.642,51.018 -2.858,2.642,51.749 -2.858,2.642,51.886 -2.648,2.642,51.886
POLY -6.248 -8.573,3.454,50.740 -8.573,3.454,50.387 -10.973,3.454,49.206 -8.877,3.454,50.387 -8.877,3.454,50.568
POLY -6.248 -8.573,3.708,50.921 -8.573,3.708,50.740 -8.877,3.708,50.568 -8.877,3.708,50.921
POLY -6.248 6.096,0.308,54.083 4.692,0.308,54.215 8.534,0.308,54.632 8.534,0.308,54.312
POLY -6.248 4.692,0.569,54.215 3.658,0.569,54.312 3.658,0.569,54.423 6.607,0.569,54.743 8.534,0.569,54.743 8.534,0.569,54.632
POLY -6.248 3.658,0.830,54.423 3.658,0.830,54.743 6.096,0.830,54.743 6.607,0.830,54.743
POLY -6.248 2.476,0.782,54.266 3.658,0.782,54.312 2.195,0.782,54.174
POLY -6.248 1.295,1.057,54.220 2.476,1.057,54.266 2.195,1.057,54.174 1.219,1.057,54.083 0.872,1.057,54.083
POLY -6.248 0.114,1.331,54.174 1.295,1.331,54.220 0.872,1.331,54.083 -0.168,1.331,54.083
POLY -6.248 -1.067,1.605,54.129 0.114,1.605,54.174 -0.168,1.605,54.083 -1.208,1.605,54.083
POLY -6.248 -2.248,1.880,54.083 -1.067,1.880,54.129 -1.208,1.880,54.083
POLY -6.248 37.029,0.318,4.544 36.957,0.318,4.401 32.918,0.318,5.315 36.805,0.318,4.477 36.855,0.318,4.577
POLY -6.248 37.100,0.627,4.687 37.029,0.627,4.544 36.855,0.627,4.577 36.926,0.627,4.720
POLY -6.248 37.150,0.937,4.787 37.100,0.937,4.687 36.926,0.937,4.720 36.998,0.937,4.863
POLY -6.248 34.690,0.305,5.067 32.918,0.305,5.315 36.386,0.305,4.972
POLY -6.248 26.525,3.191,-3.297 26.642,3.191,-3.286 26.719,3.191,-4.086 26.525,3.191,-4.117
POLY -6.248 26.416,3.450,-4.439 26.331,3.450,-4.439 26.331,3.450,-3.315 26.525,3.450,-3.297 26.525,3.450,-4.117 26.416,3.450,-4.134
POLY -6.248 26.331,3.708,-4.439 26.213,3.708,-4.439 26.137,3.708,-3.334 26.331,3.708,-3.315
POLY -6.248 26.441,3.454,-4.020 26.479,3.454,-4.439 26.403,3.454,-4.286
POLY -6.248 25.890,3.320,-5.055 25.568,3.320,-5.671 25.245,3.320,-5.671
POLY -6.248 24.922,3.607,-5.671 26.213,3.607,-4.439 25.890,3.607,-5.055 25.245,3.607,-5.671
POLY -6.248 -33.566,0.305,24.041 -33.738,0.305,24.213 -32.118,0.305,23.603
POLY -6.248 40.424,-0.074,5.315 42.672,-0.074,5.315 40.424,-0.074,5.124 38.176,-0.074,4.934
POLY -6.248 -33.566,0.214,24.041 -35.357,0.214,24.822 -33.738,0.214,24.213
POLY -6.248 -33.645,4.445,29.211 -33.376,4.445,29.181 -33.376,4.445,27.984 -33.645,4.445,28.613
POLY -6.248 -33.914,4.724,29.241 -33.645,4.724,29.211 -33.645,4.724,28.613
POLY -6.248 -21.679,-1.194,-4.439 -23.589,-1.194,-4.722 -22.860,-1.194,-4.439
POLY -6.248 -23.589,-0.864,-4.722 -23.736,-0.864,-4.743 -24.041,-0.864,-4.439 -22.860,-0.864,-4.439
POLY -6.248 -23.393,-1.727,-5.772 -23.437,-1.727,-5.489 -22.536,-1.727,-5.105
POLY -6.248 -23.437,-1.524,-5.489 -23.470,-1.524,-5.277 -21.679,-1.524,-4.439 -22.536,-1.524,-5.105
POLY -6.248 -25.184,-0.000,-3.867 -24.765,-0.000,-1.886 -24.917,-0.000,-3.943
POLY -6.248 -5.323,-3.308,-15.046 -5.413,-3.308,-15.226 -5.565,-3.308,-15.150 -5.462,-3.308,-14.944
POLY -6.248 -5.220,-3.107,-14.840 -5.323,-3.107,-15.046 -5.462,-3.107,-14.944 -5.372,-3.107,-14.764 -6.096,-3.107,-14.192
POLY -6.248 -25.603,0.565,-1.772 -26.269,0.565,-1.902 -26.220,0.565,-1.869
POLY -6.248 -26.269,0.824,-1.902 -26.935,0.824,-2.031 -26.837,0.824,-1.966 -26.220,0.824,-1.869
POLY -6.248 -26.935,1.084,-2.031 -27.165,1.084,-2.076 -27.260,1.084,-1.934 -27.454,1.084,-2.064 -26.837,1.084,-1.966
POLY -6.248 -27.260,1.344,-1.934 -27.405,1.344,-1.717 -28.071,1.344,-2.161 -27.454,1.344,-2.064
POLY -6.248 -25.184,0.305,-3.867 -25.603,0.305,-3.867 -25.603,0.305,-1.772
POLY -6.248 16.707,0.155,-15.373 17.678,0.155,-14.192 15.811,0.155,-16.554
POLY -6.248 -35.357,4.411,27.984 -35.694,4.411,30.055 -35.555,4.411,30.055 -35.357,4.411,29.019
POLY -6.248 -35.555,4.600,30.055 -35.357,4.600,30.055 -35.357,4.600,29.019
POLY -6.248 -35.357,4.494,27.984 -35.662,4.494,29.699 -35.525,4.494,29.767 -35.510,4.494,29.680 -35.623,4.494,29.623
POLY -6.248 -35.525,4.765,29.767 -35.389,4.765,29.835 -35.374,4.765,29.748 -35.510,4.765,29.680
POLY -6.248 -35.389,5.037,29.835 -35.275,5.037,29.892 -35.237,5.037,29.816 -35.374,5.037,29.748
POLY -6.248 -35.357,1.008,10.192 -33.896,1.008,12.896 -33.896,1.008,12.464
POLY -6.248 15.380,0.173,-16.986 16.707,0.173,-15.373 15.484,0.173,-16.986
POLY -6.248 13.411,0.370,-16.631 16.244,0.370,-16.538 16.240,0.370,-16.782 13.411,0.370,-17.087
POLY -6.248 16.240,0.697,-16.782 16.233,0.697,-17.239 13.411,0.697,-17.544 13.411,0.697,-17.087
POLY -6.248 16.233,1.025,-17.239 16.226,1.025,-17.697 13.411,1.025,-18.001 13.411,1.025,-17.544
POLY -6.248 16.226,1.353,-17.697 16.219,1.353,-18.154 13.411,1.353,-18.457 13.411,1.353,-18.001
POLY -6.248 16.219,1.681,-18.154 16.212,1.681,-18.612 13.411,1.681,-18.914 13.411,1.681,-18.457
POLY -6.248 16.212,2.009,-18.612 16.205,2.009,-19.069 13.411,2.009,-19.069 13.411,2.009,-18.914
POLY -6.248 -26.421,0.670,-3.387 -25.562,0.670,-4.622 -25.535,0.670,-4.917
POLY -6.248 -25.508,0.934,-5.213 -27.280,0.934,-2.153 -26.421,0.934,-3.387 -25.535,0.934,-4.917
POLY -6.248 16.060,-0.141,-16.897 16.192,-0.141,-16.897 16.192,-0.141,-16.974 16.243,-0.141,-16.983 16.235,-0.141,-17.424
POLY -6.248 15.904,0.170,-16.897 16.060,0.170,-16.897 16.235,0.170,-17.424 16.227,0.170,-17.866
POLY -6.248 15.749,0.480,-16.897 15.904,0.480,-16.897 16.227,0.480,-17.866 16.219,0.480,-18.307
POLY -6.248 15.728,0.790,-17.300 15.735,0.790,-16.897 15.749,0.790,-16.897 16.219,0.790,-18.307 16.211,0.790,-18.749
POLY -6.248 16.205,1.101,-19.078 16.166,1.101,-19.078 15.720,1.101,-17.742 15.728,1.101,-17.300 16.211,1.101,-18.749
POLY -6.248 16.166,1.411,-19.078 16.009,1.411,-19.075 15.713,1.411,-18.184 15.720,1.411,-17.742
POLY -6.248 16.009,1.722,-19.075 15.853,1.722,-19.072 15.705,1.722,-18.627 15.713,1.722,-18.184
POLY -6.248 15.853,2.032,-19.072 15.697,2.032,-19.069 15.705,2.032,-18.627
POLY -6.248 -15.922,-2.537,-13.639 -15.850,-2.537,-13.392 -14.554,-2.537,-13.659 -14.554,-2.537,-13.920
POLY -6.248 -15.971,-2.315,-13.807 -15.922,-2.315,-13.639 -14.554,-2.315,-13.920 -14.554,-2.315,-14.091 -14.997,-2.315,-14.091
POLY -6.248 -3.283,-2.761,-20.669 -3.429,-2.761,-20.669 -3.467,-2.761,-19.260 -3.429,-2.761,-20.441 -3.289,-2.761,-20.441
POLY -6.248 -3.137,-2.460,-20.669 -3.283,-2.460,-20.669 -3.289,-2.460,-20.441 -3.143,-2.460,-20.441
POLY -6.248 -2.997,-2.160,-20.669 -3.137,-2.160,-20.669 -3.143,-2.160,-20.441 -2.997,-2.160,-20.441
POLY -6.248 -40.234,0.443,15.069 -40.043,0.443,14.078 -40.019,0.443,13.661
POLY -6.248 -40.043,0.672,14.078 -39.853,0.672,13.087 -39.807,0.672,12.314 -39.814,0.672,12.325 -40.019,0.672,13.661
POLY -6.248 -39.853,0.901,13.087 -39.662,0.901,12.097 -39.807,0.901,12.314
POLY -6.248 -39.643,3.353,42.843 -39.052,3.353,41.358 -39.205,3.353,41.586
POLY -6.248 42.672,0.009,-4.439 43.986,0.009,-5.505 45.301,0.009,-6.877
POLY -6.248 -40.234,3.353,44.329 -39.205,3.353,41.586 -39.357,3.353,41.662
POLY -6.248 -33.312,1.200,-7.002 -30.480,1.200,-7.182 -30.480,1.200,-7.488 -33.312,1.200,-7.308
POLY -6.248 -30.480,1.467,-7.488 -30.480,1.467,-7.614 -33.312,1.467,-7.614 -33.312,1.467,-7.308
POLY -6.248 -40.805,3.353,41.358 -40.234,3.353,44.329 -40.653,3.353,41.586
POLY -6.248 -46.291,0.254,13.926 -45.987,0.254,13.354 -46.139,0.254,13.583
POLY -6.248 -38.433,0.798,-8.406 -38.601,0.798,-8.322 -38.524,0.798,-8.170 -38.306,0.798,-8.279
POLY -6.248 -38.214,1.016,-8.515 -38.433,1.016,-8.406 -38.306,1.016,-8.279 -38.138,1.016,-8.363 -37.490,1.016,-7.715
POLY -6.248 36.486,0.289,-19.149 37.976,0.289,-20.788 37.380,0.289,-20.639 36.635,0.289,-19.819
POLY -6.248 37.380,0.570,-20.639 36.784,0.570,-20.490 36.635,0.570,-19.819
POLY -6.248 -10.084,-2.918,-28.486 -6.096,-2.918,-28.823 -10.277,-2.918,-28.582
POLY -6.248 -40.234,1.067,-9.315 -45.110,1.067,-9.315 -40.653,1.067,-9.125
POLY -6.248 -18.288,-1.598,-28.823 -18.445,-1.598,-28.810 -19.665,-1.598,-28.200 -19.183,-1.598,-28.200 -19.183,-1.598,-28.441 -18.518,-1.598,-28.774
POLY -6.248 -18.445,-1.313,-28.810 -19.015,-1.313,-28.766 -20.146,-1.313,-28.200 -19.665,-1.313,-28.200 -19.183,-1.313,-28.441 -19.183,-1.313,-28.632 -18.518,-1.313,-28.774
POLY -6.248 -19.015,-1.028,-28.766 -19.585,-1.028,-28.721 -20.627,-1.028,-28.200 -20.146,-1.028,-28.200
POLY -6.248 -19.585,-0.742,-28.721 -20.156,-0.742,-28.677 -20.726,-0.742,-28.391 -20.726,-0.742,-28.200 -20.627,-0.742,-28.200
POLY -6.248 -20.156,-0.457,-28.677 -20.726,-0.457,-28.632 -20.726,-0.457,-28.391
POLY -6.248 -6.096,-2.879,-33.699 -2.759,-2.879,-33.248 -2.849,-2.879,-33.429
POLY -6.248 -20.726,-0.231,-28.823 -21.058,-0.231,-28.615 -20.892,-0.231,-28.200 -20.726,-0.231,-28.200
POLY -6.248 -21.058,0.045,-28.615 -21.390,0.045,-28.408 -21.307,0.045,-28.200 -20.892,0.045,-28.200
POLY -6.248 -21.390,0.322,-28.408 -21.722,0.322,-28.200 -21.307,0.322,-28.200
POLY -6.248 -20.726,-0.248,-28.823 -21.031,-0.248,-29.242 -21.031,-0.248,-28.823 -21.031,-0.248,-28.632
POLY -6.248 -20.726,-0.457,-28.823 -21.107,-0.457,-29.394 -21.031,-0.457,-29.242
POLY -6.248 -30.480,0.115,-23.946 -33.414,0.115,-25.203 -33.147,0.115,-25.051
POLY -6.248 -21.228,-0.385,-29.115 -21.488,-0.385,-30.156 -21.488,-0.385,-29.635
POLY -6.248 -21.228,-0.212,-29.115 -21.228,-0.212,-29.115 -21.488,-0.212,-29.635 -21.488,-0.212,-29.115
POLY -6.248 -24.677,0.473,-27.400 -25.883,0.473,-28.726 -25.883,0.473,-28.063 -25.280,0.473,-27.400
POLY -6.248 -25.883,0.792,-28.063 -25.883,0.792,-27.400 -25.280,0.792,-27.400
POLY -6.248 -49.952,1.187,-1.667 -49.721,1.187,-1.734 -49.987,1.187,-4.439 -49.797,1.187,-2.000 -49.980,1.187,-1.948
POLY -6.248 -50.136,1.395,-1.615 -49.952,1.395,-1.667 -49.980,1.395,-1.948 -50.212,1.395,-1.882
POLY -6.248 -20.726,-0.660,-33.699 -21.260,-0.660,-32.080 -21.387,-0.660,-31.515 -21.184,-0.660,-32.042
POLY -6.248 -21.260,-0.457,-32.080 -21.793,-0.457,-30.461 -21.387,-0.457,-31.515
POLY -6.248 24.727,-0.957,-34.766 24.698,-0.957,-34.824 24.546,-0.957,-34.748 24.575,-0.957,-34.690 23.927,-0.957,-34.233
POLY -6.248 24.698,-0.644,-34.824 24.616,-0.644,-34.988 24.464,-0.644,-34.912 24.546,-0.644,-34.748
POLY -6.248 24.616,-0.331,-34.988 24.534,-0.331,-35.152 24.381,-0.331,-35.076 24.464,-0.331,-34.912
POLY -6.248 -35.163,1.118,-24.439 -35.039,1.118,-24.208 -34.023,1.118,-23.946 -33.147,1.118,-23.946 -35.128,1.118,-24.457
POLY -6.248 -35.039,1.321,-24.208 -34.900,1.321,-23.946 -34.023,1.321,-23.946
POLY -6.248 -23.127,0.152,-30.461 -24.536,0.152,-29.737 -23.355,0.152,-30.309
POLY -6.248 -49.987,1.217,-4.439 -49.721,1.217,-7.220 -49.952,1.217,-7.271 -49.986,1.217,-6.919 -49.797,1.217,-6.877
POLY -6.248 -49.952,1.456,-7.271 -50.142,1.456,-7.314 -50.218,1.456,-6.971 -49.986,1.456,-6.919
POLY -6.248 37.795,0.182,-28.823 37.929,0.182,-30.975 37.862,0.182,-32.052 37.795,0.182,-30.975
POLY -6.248 37.862,0.356,-32.052 37.795,0.356,-33.128 37.795,0.356,-30.975
POLY -6.248 25.933,-0.779,-35.185 24.879,-0.779,-34.995 25.757,-0.779,-35.095
POLY -6.248 26.384,-0.542,-35.166 26.753,-0.542,-35.255 26.987,-0.542,-35.376 25.933,-0.542,-35.185 25.757,-0.542,-35.095
POLY -6.248 26.753,-0.305,-35.255 28.042,-0.305,-35.566 26.987,-0.305,-35.376
POLY -6.248 -34.900,1.543,-23.946 -35.068,1.543,-24.317 -35.381,1.543,-23.691 -35.357,1.543,-23.679
POLY -6.248 -35.068,1.765,-24.317 -35.110,1.765,-24.408 -35.455,1.765,-24.251 -35.664,1.765,-23.833 -35.381,1.765,-23.691
POLY -6.248 -35.455,1.987,-24.251 -35.913,1.987,-24.043 -35.947,1.987,-23.974 -35.664,1.987,-23.833
POLY -6.248 -38.100,0.115,-22.689 -38.329,0.115,-21.317 -38.138,0.115,-22.193
POLY -6.248 25.372,3.541,-36.690 25.641,3.541,-36.062 25.641,3.541,-37.258 25.372,3.541,-37.288
POLY -6.248 25.103,3.781,-37.318 25.372,3.781,-36.690 25.372,3.781,-37.288
POLY -6.248 44.463,0.009,-29.166 42.672,0.009,-28.823 46.101,0.009,-29.280
POLY -6.248 19.811,2.973,-39.568 19.979,2.973,-39.400 20.240,2.973,-39.662 20.316,2.973,-39.965 20.094,2.973,-40.020
POLY -6.248 19.583,3.302,-39.795 19.811,3.302,-39.568 20.094,3.302,-40.020 19.774,3.302,-40.100
POLY -6.248 17.766,2.586,-40.815 17.861,2.586,-40.528 18.229,2.586,-40.307 18.281,2.586,-40.393
POLY -6.248 17.925,2.842,-40.894 17.758,2.842,-40.838 17.766,2.842,-40.815 18.281,2.842,-40.393 18.365,2.842,-40.533
POLY -6.248 18.106,3.097,-40.954 17.925,3.097,-40.894 18.365,3.097,-40.533 18.449,3.097,-40.674
POLY -6.248 18.288,3.353,-41.015 18.106,3.353,-40.954 18.449,3.353,-40.674 18.517,3.353,-40.786
POLY -6.248 39.167,0.559,-34.919 38.976,0.559,-34.652 38.367,0.559,-33.699
POLY -6.248 38.367,0.610,-33.699 38.976,0.610,-34.652 38.824,0.610,-34.576
POLY -6.248 -43.120,0.330,-22.169 -42.634,0.330,-22.765 -43.104,0.330,-22.231
POLY -6.248 -43.806,0.597,-20.809 -43.804,0.597,-20.805 -43.575,0.597,-20.958 -43.713,0.597,-21.164 -43.607,0.597,-21.572 -43.120,0.597,-22.169 -43.104,0.597,-22.231 -43.574,0.597,-21.698
POLY -6.248 -44.044,0.864,-21.165 -43.806,0.864,-20.809 -43.713,0.864,-21.164 -43.815,0.864,-21.317 -43.607,0.864,-21.572 -43.574,0.864,-21.698
POLY -6.248 17.788,3.012,-41.722 17.998,3.012,-41.617 18.371,3.012,-41.991 18.289,3.012,-42.155 17.910,3.012,-41.965
POLY -6.248 17.998,3.302,-41.617 18.288,3.302,-41.472 18.517,3.302,-41.700 18.371,3.302,-41.991
POLY -6.248 38.824,0.660,-34.690 38.824,0.660,-34.576 38.976,0.660,-34.652 38.976,0.660,-34.766
POLY -6.248 38.976,0.610,-34.652 39.167,0.610,-34.919 38.976,0.610,-34.766
POLY -6.248 15.354,2.692,-43.644 14.897,2.692,-43.567 16.516,2.692,-43.453
POLY -6.248 -45.110,0.387,-23.946 -45.910,0.387,-22.631 -46.158,0.387,-21.974 -45.758,0.387,-22.631
POLY -6.248 -46.158,0.711,-21.974 -46.406,0.711,-21.317 -45.758,0.711,-22.631
POLY -6.248 -21.831,0.787,-40.024 -22.346,0.787,-40.122 -22.403,0.787,-40.119
POLY -6.248 -22.346,1.016,-40.122 -22.631,1.016,-40.176 -22.974,1.016,-40.215 -22.403,1.016,-40.119
POLY -6.248 -38.786,0.254,-33.966 -37.795,0.254,-36.671 -37.871,0.254,-36.519
POLY -6.248 31.506,2.782,-45.685 32.918,2.782,-43.453 31.780,2.782,-45.867
POLY -6.248 31.741,2.727,-45.930 31.610,2.727,-45.930 31.610,2.727,-45.625 31.911,2.727,-45.625 32.386,2.727,-44.772 32.918,2.727,-43.453 32.566,2.727,-44.449
POLY -6.248 32.042,2.997,-45.930 31.741,2.997,-45.930 31.911,2.997,-45.625 32.042,2.997,-45.625 32.386,2.997,-44.772 32.566,2.997,-44.449
POLY -6.248 -29.223,3.364,-42.958 -29.026,3.364,-43.211 -28.918,3.364,-43.795 -29.147,3.364,-43.947
POLY -6.248 -29.026,3.555,-43.211 -28.690,3.555,-43.642 -28.918,3.555,-43.795
POLY -6.248 -29.397,3.152,-42.734 -29.837,3.152,-42.168 -29.460,3.152,-42.357
POLY -6.248 -28.956,3.404,-43.301 -29.397,3.404,-42.734 -29.460,3.404,-42.357 -29.334,3.404,-42.420
POLY -6.248 -49.239,0.279,-33.265 -45.110,0.279,-33.699 -49.153,0.279,-33.439
POLY -6.248 -31.090,0.341,-43.453 -34.061,0.341,-43.682 -34.290,0.341,-43.529
POLY -6.248 -44.806,0.457,-36.328 -42.520,0.457,-36.862 -44.653,0.457,-36.405
POLY -6.248 -30.692,0.660,-45.049 -30.861,0.660,-45.091 -31.090,0.660,-44.596 -30.672,0.660,-45.118
POLY -6.248 -30.442,0.979,-44.987 -30.692,0.979,-45.049 -30.672,0.979,-45.118 -30.290,0.979,-45.596
POLY -6.248 -30.480,0.444,-46.120 -31.090,0.444,-44.596 -30.861,0.444,-45.091
POLY -6.248 38.557,3.099,-46.425 39.853,3.099,-46.539 39.205,3.099,-46.501
POLY -6.248 -44.615,0.881,-38.081 -45.110,0.881,-38.576 -44.767,0.881,-38.157
POLY -6.248 -45.720,0.881,-39.186 -45.568,0.881,-38.957 -45.110,0.881,-38.576
POLY -6.248 -45.110,0.914,-51.149 -43.358,0.914,-51.111 -44.463,0.914,-51.149
WALL -53.135 -56.812 53.365 -54.812 5.981 -6.748
WALL -53.135 -54.812 -48.135 -43.312 6.888 -6.748
WALL -44.635 -54.812 53.365 -53.312 8.367 -6.748
WALL -46.135 -53.312 -45.635 -52.812 6.430 -6.748
WALL -44.635 -53.312 31.365 -52.812 10.092 -6.748
WALL 45.365 -53.312 53.365 -45.312 8.967 -6.748
WALL -42.635 -52.812 31.365 -48.312 10.114 -6.748
WALL -43.135 -51.312 -42.635 -48.812 7.294 -6.748
WALL -33.135 -48.312 31.365 -47.812 8.389 -6.748
WALL -32.135 -47.812 31.365 -47.312 8.389 -6.748
WALL -31.135 -47.312 31.365 -46.812 8.318 -6.748
WALL -30.135 -46.812 31.365 -46.312 8.248 -6.748
WALL -29.635 -46.312 31.365 -45.812 9.520 -6.748
WALL -29.135 -45.812 11.865 -43.812 8.357 -6.748
WALL 15.365 -45.812 15.865 -45.312 9.482 -6.748
WALL 19.865 -45.812 22.865 -43.812 8.995 -6.748
WALL 46.365 -45.312 53.365 -33.312 9.004 -6.748
WALL -31.135 -44.812 -30.635 -44.312 8.912 -6.748
WALL 11.865 -44.312 12.865 -40.312 9.907 -6.748
WALL -26.135 -43.812 -25.635 -43.312 9.610 -6.748
WALL -21.635 -43.812 11.865 -40.312 9.132 -6.748
WALL -53.135 -43.312 -48.635 -36.812 6.733 -6.748
WALL -40.635 -42.812 -40.135 -42.312 7.732 -6.748
WALL -29.135 -42.812 -27.635 -33.312 9.879 -6.748
WALL 18.365 -42.312 19.365 -41.812 7.877 -6.748
WALL -34.135 -40.812 -33.635 -40.312 5.929 -6.748
WALL -10.635 -40.312 10.365 -39.812 3.490 -6.748
WALL 19.865 -40.312 20.365 -39.812 7.877 -6.748
WALL -10.135 -39.812 7.365 -37.812 3.610 -6.748
WALL -9.635 -37.812 7.365 -37.312 3.348 -6.748
WALL -3.135 -37.312 7.365 -35.812 4.865 -6.748
WALL -53.135 -36.812 -49.635 -33.812 5.625 -6.748
WALL -29.635 -36.312 -29.135 -35.812 6.970 -6.748
WALL -3.135 -35.812 6.865 -35.312 4.865 -6.748
WALL 17.865 -35.812 18.365 -33.312 9.602 -6.748
WALL -3.135 -35.312 6.365 -34.812 4.865 -6.748
WALL 19.365 -35.312 19.865 -34.312 7.877 -6.748
WALL -49.635 -34.812 -48.635 -34.312 5.284 -6.748
WALL -3.135 -34.812 5.865 -34.312 4.865 -6.748
WALL -49.635 -34.312 -49.135 -33.812 5.177 -6.748
WALL -30.135 -34.312 -29.635 -33.812 6.970 -6.748
WALL -3.135 -34.312 5.365 -33.812 4.865 -6.748
WALL 21.365 -34.312 21.865 -33.812 5.388 -6.748
WALL -53.135 -33.812 -50.635 41.188 9.978 -6.748
WALL -3.135 -33.812 4.865 -33.312 4.865 -6.748
WALL 19.365 -33.812 19.865 -32.812 7.877 -6.748
WALL -29.135 -33.312 -28.135 -32.812 6.538 -6.748
WALL -1.135 -33.312 1.865 -32.812 4.255 -6.748
WALL 50.865 -33.312 53.365 57.188 5.494 -6.748
WALL -29.135 -32.812 -28.635 -31.812 6.963 -6.748
WALL -0.635 -32.812 1.865 -31.812 4.680 -6.748
WALL -29.635 -31.812 -29.135 -31.312 6.188 -6.748
WALL -0.635 -31.812 1.365 -31.312 2.895 -6.748
WALL -27.635 -30.812 -27.135 -30.312 7.054 -6.748
WALL -28.135 -29.812 -27.635 -6.812 7.568 -6.748
WALL -29.135 -28.812 -28.135 -7.812 6.705 -6.748
WALL -50.635 -28.312 -49.135 -27.312 5.413 -6.748
WALL -29.635 -28.312 -29.135 -7.812 8.430 -6.748
WALL -27.635 -28.312 -25.635 -7.812 7.568 -6.748
WALL -21.135 -28.312 -17.135 -14.312 8.678 -6.748
WALL -13.635 -28.312 -9.635 -24.312 2.398 -6.748
WALL -30.135 -27.812 -29.635 -27.312 6.433 -6.748
WALL 17.865 -27.812 18.365 -27.312 10.179 -6.748
WALL -50.635 -27.312 -50.135 -7.312 6.992 -6.748
WALL -25.635 -27.312 -21.135 -14.312 6.603 -6.748
WALL -17.135 -27.312 -13.635 -14.312 3.492 -6.748
WALL 1.365 -27.312 3.365 -15.812 6.055 -6.748
WALL 18.365 -27.312 28.365 -5.812 9.188 -6.748
WALL 6.365 -26.812 12.865 -23.312 9.240 -6.748
WALL 28.365 -26.812 37.365 -20.812 6.345 -6.748
WALL 5.865 -26.312 6.365 -15.812 6.055 -6.748
WALL -3.135 -25.812 1.365 -20.812 3.418 -6.748
WALL 3.365 -25.812 5.865 -15.812 6.480 -6.748
WALL 17.865 -25.312 18.365 -1.312 8.104 -6.748
WALL -13.635 -24.312 -10.635 -14.312 2.822 -6.748
WALL -30.135 -23.312 -29.635 -7.812 8.430 -6.748
WALL 6.365 -23.312 11.865 -15.812 7.165 -6.748
WALL -30.635 -22.812 -30.135 -7.812 8.430 -6.748
WALL -46.135 -22.312 -45.635 -21.812 5.948 -6.748
WALL -31.135 -22.312 -30.635 -7.812 8.017 -6.748
WALL -31.635 -21.812 -31.135 -7.812 8.017 -6.748
WALL -32.135 -21.312 -31.635 -7.812 8.017 -6.748
WALL -50.135 -20.812 -46.635 -7.812 6.753 -6.748
WALL -43.635 -20.812 -38.635 -10.812 10.004 -6.748
WALL -32.635 -20.812 -32.135 -7.812 8.017 -6.748
WALL -1.135 -20.812 1.365 -14.312 7.289 -6.748
WALL 28.365 -20.812 36.865 -19.812 6.770 -6.748
WALL 47.865 -20.812 50.865 -1.312 8.651 -6.748
WALL -33.135 -20.312 -32.635 -7.812 8.017 -6.748
WALL -10.635 -20.312 -9.635 -14.312 2.822 -6.748
WALL 47.365 -20.312 47.865 -19.812 6.984 -6.748
WALL -33.635 -19.812 -33.135 -7.312 8.017 -6.748
WALL 28.365 -19.812 36.365 -6.312 6.489 -6.748
WALL -34.135 -19.312 -33.635 -7.312 8.176 -6.748
WALL -3.135 -19.312 -1.135 -14.312 7.289 -6.748
WALL 47.365 -19.312 47.865 -1.312 7.077 -6.748
WALL -34.635 -18.812 -34.135 -7.312 8.176 -6.748
WALL 46.865 -18.812 47.365 -1.312 7.077 -6.748
WALL 46.365 -18.312 46.865 -1.312 7.077 -6.748
WALL -35.135 -17.812 -34.635 -7.812 8.176 -6.748
WALL -5.135 -17.812 -4.635 -17.312 3.268 -6.748
WALL 36.365 -17.812 36.865 -5.812 6.279 -6.748
WALL -9.635 -17.312 -7.635 -14.312 2.822 -6.748
WALL -4.635 -17.312 -3.635 -16.812 3.268 -6.748
WALL -7.635 -16.812 -7.135 -15.812 2.525 -6.748
WALL -3.635 -16.812 -3.135 -16.312 3.268 -6.748
WALL -35.635 -16.312 -35.135 -7.812 8.176 -6.748
WALL -7.135 -16.312 -6.135 -15.812 2.525 -6.748
WALL -38.635 -15.812 -35.635 -10.812 7.445 -6.748
WALL -6.635 -15.812 -5.635 -15.312 2.525 -6.748
WALL 1.365 -15.812 1.865 -14.312 6.480 -6.748
WALL 6.865 -15.812 11.865 -13.812 4.760 -6.748
WALL 45.865 -14.812 46.365 -14.312 7.077 -6.748
WALL -25.635 -14.312 -25.135 -13.812 2.996 -6.748
WALL -19.135 -14.312 -15.135 -13.812 3.285 -6.748
WALL -8.635 -14.312 -7.635 -12.812 2.823 -6.748
WALL -3.135 -14.312 -2.635 -13.812 3.268 -6.748
WALL 36.865 -14.312 37.365 -9.812 6.279 -6.748
WALL -25.635 -12.312 -25.135 -11.812 2.996 -6.748
WALL 45.865 -11.312 46.365 -6.312 5.002 -6.748
WALL -37.135 -10.812 -35.635 -7.812 7.665 -6.748
WALL -16.635 -10.312 -14.635 41.188 10.228 -6.748
WALL -8.635 -9.812 -7.635 -3.312 4.257 -6.748
WALL -18.635 -9.312 -18.135 42.688 9.331 -6.748
WALL 3.365 -9.312 7.865 12.688 6.905 -6.748
WALL 10.865 -9.312 17.865 12.688 7.056 -6.748
WALL -25.635 -8.812 -23.635 -7.812 7.993 -6.748
WALL -21.135 -8.812 -18.635 -6.812 2.892 -6.748
WALL -18.135 -8.812 -16.635 41.188 9.453 -6.748
WALL -14.635 -8.812 -8.635 8.688 6.635 -6.748
WALL 2.865 -8.812 3.365 12.688 6.905 -6.748
WALL 7.865 -8.812 10.865 12.688 5.180 -6.748
WALL -39.635 -8.312 -38.635 -7.312 8.804 -6.748
WALL 2.365 -8.312 2.865 12.188 6.905 -6.748
WALL -50.135 -7.812 -49.635 -7.312 7.417 -6.748
WALL -28.635 -7.812 -28.135 -6.812 7.130 -6.748
WALL -27.635 -7.812 -27.135 -6.812 7.993 -6.748
WALL -25.135 -7.812 -24.635 -7.312 7.993 -6.748
WALL 1.865 -7.812 2.365 11.688 6.905 -6.748
WALL 36.865 -7.312 37.365 -5.812 6.704 -6.748
WALL -20.635 -6.812 -18.635 28.688 9.231 -6.748
WALL -21.135 -6.312 -20.635 29.188 9.231 -6.748
WALL 28.365 -6.312 30.365 -5.812 9.084 -6.748
WALL 32.865 -6.312 36.365 -5.812 6.634 -6.748
WALL -30.135 -5.812 -29.635 -5.312 8.855 -6.748
WALL 18.365 -5.812 21.365 -5.312 5.859 -6.748
WALL 18.365 -5.312 18.865 -4.812 5.084 -6.748
WALL -21.635 -3.812 -21.135 29.188 9.225 -6.748
WALL -22.135 -3.312 -21.635 29.188 10.603 -6.748
WALL -8.635 -3.312 -8.135 6.688 6.517 -6.748
WALL -22.635 -2.812 -22.135 29.188 10.603 -6.748
WALL 27.865 -2.812 28.365 -2.312 9.084 -6.748
WALL -23.135 -2.312 -22.635 29.188 10.603 -6.748
WALL 45.865 -2.312 46.365 -1.312 4.994 -6.748
WALL -50.635 -1.812 -50.135 40.688 7.903 -6.748
WALL -45.135 -1.812 -44.135 9.688 7.603 -6.748
WALL -42.135 -1.812 -41.635 7.188 7.267 -6.748
WALL -39.635 -1.812 -38.635 -0.812 8.108 -6.748
WALL -34.135 -1.812 -33.135 7.188 7.944 -6.748
WALL -28.635 -1.812 -27.135 9.688 7.019 -6.748
WALL -24.135 -1.812 -23.135 29.188 10.603 -6.748
WALL -50.135 -1.312 -45.135 9.688 7.647 -6.748
WALL -44.135 -1.312 -42.135 7.188 7.134 -6.748
WALL -33.135 -1.312 -28.635 7.188 8.042 -6.748
WALL -27.135 -1.312 -24.135 19.688 6.571 -6.748
WALL 50.365 -1.312 50.865 57.188 7.851 -6.748
WALL -41.635 0.188 -38.635 7.188 5.967 -6.748
WALL -35.635 0.188 -34.135 7.188 5.869 -6.748
WALL -8.135 2.188 -7.135 2.688 5.588 -6.748
WALL -8.135 2.688 -7.635 6.688 6.942 -6.748
WALL 17.865 4.188 19.365 6.688 5.509 -6.748
WALL 25.365 4.188 25.865 57.188 5.895 -6.748
WALL 20.865 4.688 21.365 5.188 6.284 -6.748
WALL 23.865 4.688 25.365 6.688 8.307 -6.748
WALL 25.865 4.688 26.365 57.188 5.895 -6.748
WALL 36.865 4.688 37.865 5.188 5.464 -6.748
WALL -1.135 5.188 -0.635 5.688 5.639 -6.748
WALL 19.365 5.188 20.865 5.688 6.284 -6.748
WALL 23.365 5.188 23.865 6.688 8.307 -6.748
WALL 26.365 5.188 28.365 57.188 5.895 -6.748
WALL 19.365 5.688 19.865 6.688 6.284 -6.748
WALL 22.865 5.688 23.365 6.188 8.307 -6.748
WALL 28.365 5.688 28.865 57.188 4.907 -6.748
WALL 21.865 6.188 22.865 6.688 8.307 -6.748
WALL 28.865 6.188 29.365 57.188 4.907 -6.748
WALL 17.865 6.688 18.865 16.188 5.509 -6.748
WALL 21.865 6.688 22.365 7.188 9.171 -6.748
WALL 24.865 6.688 25.365 57.188 6.657 -6.748
WALL 29.365 6.688 29.865 9.688 6.557 -6.748
WALL -44.135 7.188 -43.635 9.688 7.539 -6.748
WALL -30.635 7.188 -28.635 9.688 5.801 -6.748
WALL 24.365 7.188 24.865 18.688 8.307 -6.748
WALL -8.635 8.188 -8.135 8.688 7.060 -6.748
WALL -14.635 8.688 -11.135 11.688 6.526 -6.748
WALL 21.365 8.688 21.865 9.188 9.171 -6.748
WALL 23.865 9.188 24.365 10.688 9.171 -6.748
WALL -50.135 9.688 -47.135 35.688 6.821 -6.748
WALL -42.635 9.688 -42.135 10.188 9.470 -6.748
WALL -28.135 9.688 -27.135 13.688 7.402 -6.748
WALL -1.135 9.688 -0.635 10.188 5.944 -6.748
WALL 22.365 10.188 22.865 10.688 9.171 -6.748
WALL -42.635 11.188 -42.135 11.688 9.470 -6.748
WALL -11.135 11.188 -10.635 11.688 6.526 -6.748
WALL -14.635 11.688 -13.635 41.188 10.106 -6.748
WALL -28.635 12.188 -28.135 12.688 7.402 -6.748
WALL 10.365 12.688 11.365 13.188 5.633 -6.748
WALL 16.865 12.688 17.865 13.188 5.576 -6.748
WALL -13.635 13.188 -13.135 41.188 8.031 -6.748
WALL 17.365 13.188 17.865 18.688 6.077 -6.748
WALL -27.635 13.688 -27.135 16.688 6.314 -6.748
WALL 20.865 15.688 21.365 16.688 6.709 -6.748
WALL 17.865 16.188 18.365 18.688 6.001 -6.748
WALL 20.365 16.188 20.865 16.688 6.709 -6.748
WALL 36.365 16.188 36.865 57.188 6.314 -6.748
WALL 16.865 16.688 17.365 18.688 6.077 -6.748
WALL 18.365 16.688 20.365 17.188 6.789 -6.748
WALL 23.365 16.688 24.365 18.188 6.886 -6.748
WALL 36.865 16.688 37.865 57.188 6.314 -6.748
WALL 45.365 16.688 46.865 57.188 8.309 -6.748
WALL -3.135 17.188 6.865 36.188 5.647 -6.748
WALL 18.365 17.188 19.865 18.188 6.789 -6.748
WALL 22.865 17.188 23.365 17.688 6.776 -6.748
WALL 46.865 17.188 50.365 57.188 7.656 -6.748
WALL -13.135 17.688 -12.635 41.188 8.202 -6.748
WALL -3.635 17.688 -3.135 35.688 5.226 -6.748
WALL 6.865 17.688 7.365 36.188 6.001 -6.748
WALL 21.865 17.688 22.865 18.188 6.776 -6.748
WALL -12.635 18.188 -12.135 41.188 8.203 -6.748
WALL -4.135 18.188 -3.635 35.188 5.226 -6.748
WALL 7.365 18.188 7.865 35.688 6.001 -6.748
WALL 18.365 18.188 19.365 18.688 6.776 -6.748
WALL 23.865 18.188 24.365 18.688 7.067 -6.748
WALL -12.135 18.688 -11.635 41.188 8.205 -6.748
WALL -4.635 18.688 -4.135 30.188 5.233 -6.748
WALL 7.865 18.688 8.365 31.688 7.449 -6.748
WALL -11.635 19.188 -11.135 41.188 8.205 -6.748
WALL 8.365 19.188 8.865 21.188 6.216 -6.748
WALL -26.635 19.688 -24.135 31.188 9.331 -6.748
WALL -11.135 19.688 -7.635 41.188 8.686 -6.748
WALL 29.365 19.688 36.365 57.188 5.682 -6.748
WALL 37.865 20.188 45.365 57.188 0.824 -6.748
WALL -47.135 21.188 -46.635 27.688 4.792 -6.748
WALL -46.635 21.688 -46.135 24.688 4.764 -6.748
WALL 8.365 23.188 8.865 31.688 8.484 -6.748
WALL -29.135 23.688 -26.635 31.188 9.756 -6.748
WALL -29.635 24.188 -29.135 31.188 8.981 -6.748
WALL -30.135 24.688 -29.635 30.688 8.981 -6.748
WALL -32.635 25.188 -32.135 25.688 7.154 -6.748
WALL -30.635 25.188 -30.135 30.188 9.916 -6.748
WALL -6.135 25.688 -5.635 26.688 9.669 -6.748
WALL -5.635 26.188 -5.135 28.188 7.594 -6.748
WALL -39.135 27.188 -37.635 27.688 9.972 -6.748
WALL -31.635 27.188 -30.635 27.688 9.916 -6.748
WALL -6.135 27.188 -5.635 28.188 7.594 -6.748
WALL -40.635 27.688 -39.635 28.188 9.972 -6.748
WALL -19.635 28.688 -18.635 29.188 10.580 -6.748
WALL -24.135 29.188 -23.635 31.688 11.453 -6.748
WALL -19.135 29.188 -18.635 42.688 11.402 -6.748
WALL -29.135 31.188 -27.635 31.688 9.756 -6.748
WALL -27.135 31.188 -26.635 31.688 9.756 -6.748
WALL -25.135 31.188 -24.135 31.688 9.756 -6.748
WALL 23.365 33.188 23.865 34.188 4.930 -6.748
WALL 14.865 34.188 19.365 36.188 6.435 -6.748
WALL 23.865 34.188 24.865 57.188 5.355 -6.748
WALL 19.365 34.688 19.865 57.188 5.126 -6.748
WALL 23.365 34.688 23.865 57.188 5.126 -6.748
WALL 19.865 35.188 20.365 57.188 5.126 -6.748
WALL 22.865 35.188 23.365 57.188 5.126 -6.748
WALL -50.135 35.688 -47.635 38.188 7.860 -6.748
WALL 20.365 35.688 22.865 57.188 5.126 -6.748
WALL 3.365 36.188 6.865 36.688 6.072 -6.748
WALL 15.365 36.188 19.365 41.188 6.426 -6.748
WALL 3.365 36.688 6.365 37.188 6.072 -6.748
WALL -50.135 38.188 -48.135 38.688 7.976 -6.748
WALL 14.865 38.188 15.365 41.188 8.096 -6.748
WALL -50.135 38.688 -48.635 39.188 8.093 -6.748
WALL -50.135 39.188 -49.135 39.688 8.727 -6.748
WALL -50.135 39.688 -49.635 40.188 8.753 -6.748
WALL 13.365 40.688 13.865 41.188 8.096 -6.748
WALL -53.135 41.188 -51.135 57.188 8.631 -6.748
WALL -18.135 41.188 -17.135 42.688 10.303 -6.748
WALL 16.865 41.188 19.365 57.188 6.851 -6.748
WALL -20.635 49.188 -20.135 50.188 10.279 -6.748
WALL 16.365 50.188 16.865 57.188 4.776 -6.748
WALL 9.865 50.688 16.365 57.188 5.818 -6.748
WALL -51.135 51.188 -47.135 57.188 9.056 -6.748
WALL -47.135 51.688 -40.135 57.188 9.056 -6.748
WALL -21.135 51.688 -19.635 57.188 8.199 -6.748
WALL -15.135 51.688 -14.135 57.188 8.974 -6.748
WALL -9.635 51.688 -2.635 57.188 9.009 -6.748
WALL -40.135 52.188 -21.135 57.188 9.900 -6.748
WALL -19.635 52.188 -15.135 57.188 8.199 -6.748
WALL -14.135 52.188 -9.635 57.188 8.974 -6.748
WALL -2.635 54.688 9.865 57.188 8.290 -6.748
GRID 213 228 -53.135 -56.812 0.500
ROW #####################################################################################################################################################################################################################
ROW #####################################################################################################################################################################################################################
ROW #####################################################################################################################################################################################################################
ROW #####################################################################################################################################################################################################################
ROW ##########LLLLLLL####################################################################################################################################################################################################
ROW ##########LLLLLLL####################################################################################################################################################################################################
ROW ##########LLLLLLL####################################################################################################################################################################################################
ROW ##########LLLL#PP########################################################################################################################################################UUUUUUUUUUUUUUUUUUUUUUUUUUUU################
ROW ##########LLLLPPPPSSS####################################################################################################################################################UUUUUUUUUUUUUUUUUUUUUUUUUUUU################
ROW ##########LLLLPPPPSSS####################################################################################################################################################UUUUUUUUUUUUUUUUUUUUUUUUUUUU################
ROW ##########LLLLPPPPSSS####################################################################################################################################################UUUUUUUUUUUUUUUUUUUUUUUUUUUU################
ROW ##########LLLLLLLLLL#####################################################################################################################################################UUUUUUUUUUUUUUUUUUUUUUUUUUUU################
ROW ##########LLLLLLLLLL#####################################################################################################################################################UUUUUUUUUUUUUUUUUUUUUUUUUUUU################
ROW ##########LLLLLLLLLL#####################################################################################################################################################UUUUUUUUUUUUUUUUUUUUUUUUUUUU################
ROW ##########LLLLLLLLLL#####################################################################################################################################################UUUUUUUUUUUUUUUUUUUUUUUUUUUU################
ROW ##########RRRRRLLLLL#####################################################################################################################################################UUUUUUUUUUUUUUUUUUUUUUUUUUUU################
ROW ##########RRRRRLLLLLL####################################################################################################################################################UUUUUUUUUUUUUUUUUUUUUUUUUUUU################
ROW ##########RRRRRLLLLLLLLLLLLOOOOIIIIIIIII#################################################################################################################################UUUUUUUUUUUUUYYYYYTTTTTTTUUU################
ROW ##########RRRRRLLLLLLLLLLLLOOOOIIIIIIIIIII###############################################################################################################################UUUUUUUUUUUUYYYYYYTTTTTTTTUU################
ROW ##########RRRRRLLLLLLLLLLLLOOOOIIIIIIIIIIIII#############################################################################################################################UTTTTTTTTTUUYYYYYYTTTTTTTTTU################
ROW ##########RRRRRLLLLLLLLLLLPPOOOIIIIOOIIIIIIIIJ###########################################################################################################################TTTTTTTTTTTUUYYYYTTTTTTTTTTT################
ROW ##########LLLLLLLLLLLLLLLPPPOOOIIIOOOOOOIIIIIJJ##########################################################################################################################TTTTSSSTTTUTUTTTTSSSSSTSTTTT################
ROW ##########LLLLLLLLLLLLLLLPPPOOOIIIOOOOOOIIIIIJJJ##################################################################################VVVVVVV#RRRRRRRR######ZZZRRRRWWWRRRRRRRSTTSSSSSSSUUUTTTSSSSSSSSSSTT################
ROW ##########LLLLLLLLLLLLLLLLPPOOOIIOOOOOOIIIIIJUUU##################################################################################VVVVVVVVRRRRRRRR######ZZZRRRRVVVRRRRRRRRSSSSSSSSRUUUTTSSSSSSSSSSSSTTT##############
ROW ##########LLLLLLLLLLLLLLLLLOOOOIIOOOOOOIIIII#UUU##################################################################################VVVVVVVVRRRRRRRR######ZZZRRRUVVVVRRRRRRRRSSSRRRRRUUUUSSSSRRRRRSSSSSSS##############
ROW ##########LLLLLLLLLLLLLLLLLOOOOIIIOOOOOIIIIIUUUU####################################################################################VVVVVVRRRRRRRR######ZZZRRTTUVVVRRRRRRRRSRRRRRRRUUUUSSRRRRRRRRRRRSSS##############
ROW ##########LLLLLLLLLLLLLPPPLOOOOIIIIIIOIIIIIIUUUUVUTTTT#QQQQQVVV#####################################################################VVVVVSRRRRRRRRRRRRRRZZZRRRTVVVVRRRRRRRRRRRRRRRRUUUUSRRRRRRRRRRRRRRR##############
ROW #########LLLLLLLLLLLLLPPPPLOOOOIIIIIIIIIOOIJUUUUVVVVUUTPPPPPVVV#####################################################################RRRRSRRRRRRRRRRRRRRRRRRRRRRRVVVRRRRRRRRRRRRRRRRUUUURRRRRQQQQQQQQRRR##############
ROW #########LLLLLLLLLLLLPPPP#LOOOOIIIIIIIIIOOSTUUUV###UUUTPPPPPVVV#####################################################################RRRRRRRRRRRRRRRRRRRRRRRRRRRRRRRRRRRRRRRRRRRRRRRUUUURQQQQQQQQQQQQQQQ##############
ROW #########LLLLLLLLLLLLPPPPPLOOOOIIIIIIIIIOOSTTUUU###UUTTOOOOOVVV#####################################################################RRRRRRRRRRT##RRRRRRRRRRRRRRRRRRRRRRRRRRRRRRRRRRUUUUQQQQQPPPPPPPQQQQ##############
ROW #########LLLLLLLLLLLLLPPPLLOOOOIIIIIIIIIOOSTTUUU###TTTSOONNNVVV#####################################################################RRRRRRRRRRUUUTRRRRRRRRRRRRRRRRRRRRRRRRRRRRRRRRRUUUUQQPPPPPPPPPPPPPP##############
ROW #########LLLLLLLLLLLLLLPLLLOOOOVVVVVVIIIOOSTTUUU###SSSSONNNMVVV#####################################################################RRRRRRRRRRUUUURRRRRRRRRRRRRRRRRRRRRRXRRRRRRRRRRUUUUQPPPPOOOOOOOOPPP##############
ROW #########LLLLLLLLLLLLLLLLLLOOOOVVVVVVH#IOOSTTUUU###RRRRNNMMMVVV#####################################################################RRRRRRRRRRSUUUTRRRRRRRRRRRRRRRRRRRRRXXXXXRRRRRRUUUUPPOOOOOOOOOOOOOO##############
ROW #########LLLLLLLLLLLLLLLLLLOOOOVVVVVVHHHHHHHHHHH###NNNNNMMMLLKVJIHHGGFFEDDCCBA@@@@@@@##########################################<<<<<<RRRRRRRRRRUUU#RRRRRRRRRRRRRRRRRRRRXXXXXXRRRZZZZZZUPOOOONNNNNNNNOOO##############
ROW #########LLLLLLLLLLLLLLLLLLOOOOVVVVVVHHHHHHHHHHH###NNNNMMMLLKKJIIHHGFFEEDDCCBA@@@@@@@@###################################<<<<<<<<<<<<<<<RRRRRRRTUUTRRRRRRRRRRRRRRRRRRRRXXXXXXRRRZZZZZZUOOONNNNNNNNNNNNN##############
ROW #########OOOOOOLLLLLLLLLLLLOOOOVVVVVVHHHHHHHHHHH###MMMMMMLLLKJJIHHGGFFEEDDCCBA@@@@@@@@###################################<<<<<<<<<<<<<<<<<<<=RRRRURRRRRRRRRRRRRRRRRRRRRZZZZXXRRRZZZZZZUOONNNMMMMMMMMNNN##############
ROW #########OOOOOOOKKKKKLLLLLOOOOOVVVVVHHHHHHHHHHHI###MMMMLLLLLKJIIHHGGFFEEDDCBBAA@@@@@@@###################################<<<<<<<<<<<<<<<<<<<<RRRRRRRRRRRRRRRRRRRRRRRRRRZZZZZRRRRZZZZZZUONNMMMMMMMMMMMMM##############
ROW #########OOOOOOOOKKKKOOOOOOOOOOHHHHHHHHHHHHHHHHI###LLLLLLLKKJJIHHGGFFEEEDCCBAA@@@@??@@###################################<<<<<<<<<<<<<<<<<<<<RRRRRRRRRRRRVVVVVRRRRRRRRRZZZZZRRRRZZZZZZUNNMMMLLLLLLLLMMM##############
ROW #########OOOOOOOOJJJJOOOOOOOOOOHHHHHHHHHHHHHHHHI###LLLLLKKKKJIIHGGFFEEDDDCBBAA???????@?##################################<<<<<<<<<<<<<<<<<<<<RRRRRRRRRRRVVVVVVRRRRRRRRRZZZZZRRRRRRRUUUUNMMLLLLLLLLLLLLL##############
ROW #########OOOOOOOOJJJJJSSSSSSSOOHHHHHHHHHHHHHHHHI###LLKKKKKKJJIHGGFFEEDDCCCBBA@??????????????????????#####################<<<<<<<<<<<<<<<<<<<<RUUUUUUUUUUUVVVVVUUUUUUUUUZZZZZRRRRRRRUUUUQQLLLKKKKKKKKLLL##############
ROW #######KJJOOOOOOOJJIISSSSSSSSOOHHHHHHHHHHHHHHHII###KKKKKKJJJIIHGFFEEDDCCCBBA@????>>>>>>>>>>?????????#####################<<<<<<<<<<<<<<<<<<<<RUUUUUUUUUUUVVVVVUUUUUUUUUZZZZZRRRRRRRUUUUQQLLKKKKKKKKKKKL##############
ROW #######JJJIIIIIIIIIIISSSSSSSSIHHHHHHHHHHHHHHHHM####KKKKJJJJJIHHGFEEDDCCBBBBA@??>>>>>>>>>>>>>>>>>>>>>#####################<<<<<<<<<<<<<<<<<<<<RUUUUUUUUUUUUUUUUUUUUUUUUUUUUURRRRRRRRUUUUQQKKKKJJJJJJJKKK##############
ROW #######JJIIIIIIIIIIIISSSSSSSSIHHHHHHHHHHHHHHHHMM###JJJJJJJIIIHGFFEDDCCBBAAA@??>>>>>=====>>>>>>>>>>>>####################E<<<<<<<<<<<<<<<<<<<<R#UUUUUUUIIKKKKEEEFFFGHHIJJUUURRRRRRRRUUUUPPKKKJJJJJJJJJJK##############
ROW #######IIIIIIIIIIIIIISSSSSSSSIHHHHHHHHHHHHHHHHMM###JJJJJJIIIHHGFEEDDCBBAA@@??>>>=============<=>>>>>###################EEE<<<<<<<<<<<<<<<<<<<R#UU#OOOOIIKKKKDEEFFGGHHIJJUUURRRRRRRRUUUUPPJJJJJIIIIIJJJJ##############
ROW #########IIIIIIIIIIIISSSSSSSSHHHHHHHHHHHHHHHHHMM###JJIIIIIIIHGGFEEDCCBAA@@@??>>===========<<<<======##################EEEEE<<<<<<<<<<<<<<<<<<R#UU#OOKKIIIICDDEEFFGGHHIIJUUUUUUUUUUUUUUUJJJJIIIIIIIIIIIJ##############
ROW ########IIIIIIIIIIIIISSSSSSSSHHHHHHHHHHHHHHHHH#M###IIIIIIIHHHGFFEDDCBBAA@???>>>===<<<<<<<<<<<<======#################EEEEEE<<<<<<<<<<<<<<<<<<R#UUKKKK#IIIICCDEEFFGGHHIIJUUUUUUUUUUUUUUUJJIIIIIIHHHHIIII##############
ROW #####HHHIIIIIHHHHHHHHHHHHHHHHHHHHHHHHHHHHHHHHHHH###IIIIIIIIIHGFEEDCCBBA@@?>>>>=<<<<<<<<<<<<<<<<<<<<<################EEEEEEEE<<<<<<<<<<<<<<<<<R#UU#FFGGDEEFCCDDEEFFGHHIIJUUUUUUUUUUUUUUUIIIIHHHHHHHHHHII##############
ROW #####HHHIHHHHHHHHHHHHHHHHHHHHHHHHHHHHHHHHHHHHHHH##HHIIIIIIIIHGFEEDCCBAA@@?>>>=<<<<<<<<<<<<<<<<<<<<<<<<<<######CC<<<EEEEEEEE<<<<<<<<<<<<<<<<<<<<UU#FFGGDEEFCCDDEEFFGGHHIJHHHHHHHHHHHHHHIIHHHHHHHHHHHHHHHIHIIIIIII#####
ROW #####HHHHHHHHHHHHHHHHHHHHHHHHHHHHHHHHHHHHHHHHHHH#HHHIIIIIIIIHGFFEDCCBAA@??>>=<<<<<<<<<<<<<<<<<<<<<<<<<<<<#####CC<<<<EEEEEE<<<<<<<<<<<<<<<<<<<<<<==>>??@AABBCDDEEFFGGHHIIHHHHHHHHHHHHHHIIIIHHHHHHHHHHHHHHHIIIIIII#####
ROW #####HHHHHHHHHHHHHHHHHHHHHHHHHHHHHHHHHHHHHHHHHHH#HHHIIIIIIIIHGFFDDCCBAA@??>=<<<<<<<<<<<<<<<<<<<<<<<<<<<<<#####CCC<<<<EEEE<<<<<<<<<<<<<<<<<<<<<<<==>>??@@ABBCCDDEEFGGHHIIHHHHHHHHHHHHHHIIHHHHHHHHHHHHHHHHHIIIIIII#####
ROW #####HHHHHHHHHHHHHHHHHHHHHHHHHHHHHHHHHHHHHHHHHH#HHHHIIIIIIIIHGFFDDCCBAA@?>><<<<<<<<<<<<<<<<<<<<<<<<<<<<<<####;CCC<<<<<EE<<<<<<<<<<<<<<<<<<<<<<<<==>>??@@ABBCCDDEEFFGGHIIHHHHHHHHHHHHHHHHHHHHHHHHHHHHHHHHHIIIIIII#####
ROW #####HHHHHHHHHHHHHHHHHHHHHHHHHHHHHHHHHHHHHHHHHHHHHHHIIIIIIIIGGFEDDCCBAA@??><<<<<<<<<<<<<<<<<<<<<<<<<<<<<<<<<<<;<<<<<<<<<<<<<<<<<<<<<<<<<<<<<<<<<<=>>??@@AABCCDDEEFFGGHHIHHHHHHHHHHHHHHHHHHHHHHHHHHHHHHHHHIIIIIII#####
ROW #####HHHHHHHHHHHHHHHHHHHHHHHHHHHHHHHHHHHHHHHHHHHHHH#IIIIIIIIHGFFEDCCBAA@??><<<<<<<<<<<<<<<<<<<<<<<<<<<<<<<<<<<<<<<<<<<<<<<<<<<<<<<<<<<<<<<<<<<<<==>>??@@AABBCCDDEEFGGHHIHHHHHHHHHHHHHHHHHHHHHHHHHHHHHHHHHIIIIIII#####
ROW #####HHHHHHHHHHHHHHHHHHHHHHHHHHHHHHHHHHHHHHHHHHHHHHIIIIIIIIMMMMFEDCCBAA@??><<<<<<<<<<<<<<<<<<<<<<<<<<<<<<<<<<<<<<<<<<<<<<<<<<<<<<<<<<<<<<<<<<<<<==>>??@@AABBCCDDEEFFGGHIHHHHHHHHHHHHHHHHHHHHHHHHHHHHHHHHHILLIIII#####
ROW #####HHHHHHHHHHHHHHHHHHHHHHHHHHHHHHHHHHHHHHHHHHHHH#IIIIIILLMMMMFFEDCBAA@??><<<<<<<<<<<<<<<<<<<<<<<<<<<<<<<<<<<<<<<<<<<<<<<<<<<<<<<<<<<<<<<<<<<<<==>>??@@AABBCCDDEEFFGGHHHHHHHHHHHHHHHHHHHHHHHHHHHHHHHHLLLLLLLIII#####
ROW #####HHHHHHHHHHHHHHHHHHHHHHHHHHHHHHHHHHHHHHHHHHHHH#IIIIILLOOOOOOFEDCBBA@??><<<<<<<<<<<<<<<<<<<<<<<<<<<<<<<<<<<<<<<<<<<<<<<<<<<<<<<<<<<<<<<<<<<<<==>>??@@AABBCCDDEEFFGGHHHHHHHHHHHHHHHHHHHHHHHHHHHHHHHHLLLLLLLIII#####
ROW #####HHHHHHHHHHHHHHHHHHHHHHHHHHHHHHHHHHHHHHHHHII###IIIIILLOOOOOOGEDCBAA@??>>=========<<<<<<<<<<<<<<<<<<<<<<<<<<<<<<<<<<<<<<<<<<<<<<<<<<<<<<<<<<<==>>??@@AABCCDDDEEEFFGHHHHHHHHHHHHHHHHHHHHHHHHHHHHHHHHHLMMMMLIII#####
ROW ########HHHHHHHHHHHHHHHHHHHHHHHHHHHHHHHHHHHHHHI########JLLOOOOOO########??>>===########<<<<<<<<<<<<<<<<<<<<<<<<<<<<<<<<<<<<<<<<<<<<<<<<<<<<<<<<<==>>??@AABBCCDDDEEEFFGGHHHHHHHHHHHHHHHHHHHHHHHHHHHHHHHHMMMMMMIII#####
ROW ########HHHHHHHHHHHHHHHHHHHHHHHHHHHHHHHHHHHHHH#########JLLOOOOOO########@?>>>==########<<<<<<<<<<<<<<<<<<<<<<<<<<<<<<<<<<<<<<<<<<<<<<<<<<<<<<R#UU>>??@@AABBCCCDDEEEFFGGHHHHHHHHHHHHHHHHHHHHHHHHHHHHHHHHMNNNNNNII#####
ROW ######HHHHHHHHHHHHHHHHHHHHHHHHHHHHHHHHHHHHHHHHI########################################<<<<<<<<<<<<<<<<<<<<<<####<<<<<<<<<<<<<<<<<<<<RRRRRVVVVV####################FFGGHHHHHHHHHHHHHHHHHHHHHHHHHHHHHHHHNNOONNOII#####
ROW ######HHHHHHHHHHHHHHHHHHHHHHHHHHHHHHHHHHHHHHHHI########################################<<<<<<<<<<<<<<<<<<<<<<####<<<<<<#############RRRRRRVVVVV######################################HHHHHHHHHHHHHHHHHHHNOOONNII#####
ROW ######HHHHHHHHHHHHHHHHHHHHHHHHHHHHHHHHHHHHHHHII########################################<<<<<<<<<<<<<<<<<<<<<<####<<<<<##############RRRRRRVVVVV######################################HHHHHHHHHHHHHHHHHHHNOONNMII#####
ROW ######HHHHHHHHHHHHHHHHHHHHHHHHHHHHHHHHHHHHHHHII########################################<<<<<<<<<<<<<################################RRRRRRVVVVV######################################HHHHHHHHHHHHHHHHHHHNNNNMMMI#####
ROW ######HHHHHHHHHHHHHHHHHHHHHHHHHHHHHHHHLLHHHHHII########################################<<<<<<<<<<<<<################################RRRRRRVVVV#######################################HHHHHHHHHHHHHHHHHHHHNMMMLLI#####
ROW ######HHHHHHHHHHHHHHHHHHHHHHHHHHHHHHLLLLHHHHHII########################################<<<<<<<<<<<<<################################RRRRRRVVVV#######################################HHHHHHHHHHHHHHHHHHHHMMMLLLI#####
ROW ######HHHHHHHHHHHHHHHHHHHHHHHHHHHHHOMLLLLHHHHII######################################<<<<<<<<<<<<<<<################################RRRRRRRRRR#######################################HHHHHHHHHHHHHHHHHHHHMLLLLLI#####
ROW ######HHIHHHHHHHIHHHHHHHHHHHHHHHHMNNNMMLLKHHHHI######################################<<<<<<<<<<<<<<<################################RRRRRRRRRR#######################################HHHHHHHHHHHHHHHHHHHHHLHHHHH#####
ROW ######HHIIIHHHHHIIIHHHVVVVHHHHHLMMNNNMMLLKHHHH#######################################<<<<<<<<<<<<<<<##############################RRRRRRRRRRRR#######################################HHHHHHHHHHHHHHHHHHHHHHHHHHH#####
ROW ######HHIIJIIIJIJJIIIVVVVVVHHHLLMMNNNNMMLLHHH########################################<<<<<<<<<<<<<<<##############################RRRRRRRRRRRR#######################################HHHHHHHHHHHHHHHHHHHHHHHHHHH#####
ROW ######HIIIJJJI#IJJJJIVVVVVVHHHLLMMNNNNMMHHHH#########################################<<<<<<<<<<<<<<<##############################RRRRRRRRRRRR#######################################HHHHHHHHHHHHHHHHHHHHHHHHHHH#####
ROW ######HIIIJJKJJJKKKJJVVVVVVHHHHLMMNNNNHHHHH##########################################<<<<<<<<<<<<<<<##############################RRRRRRRRRRRR#######################################HHHHHHHHHHHHHHHHHHHHHHHHHHH#####
ROW ######HIIJJJKLKKKKLKJVVVVVVHHHHLLMMNNHHHHH###########################################<<<<<<<<<<<<<<<##############################RRRRRRRRRRRR#######################################HHHHHHHHHHHHHHHHHHHHHHHHHHH#####
ROW #############LLKKLL##########HHHLMMHHHHHH############################################<<<<<<<<<<<<<<=<==>##########################QQQQRRRRRRRR######################################JIHHHHHHHHHHHHHHHHHHHH###########
ROW #############LLKKLL##########HHHLHHOHHHH###############################################<<<<<<<<<<<<<<==>##########################PPPPQRRSSRRR######################################IHHHHHHHHHHHHHHHHHHHH############
ROW #############LLLLLL##########HHHHHOOOHH################################################<<<<<<<<<<<<<<==>##########################PPPPPQQRRIII#####################################IHHHHHHHHHHHHHHHHHHHHHH###########
ROW #############LLLLLL##########IHHOOOOOO#################################################<<<<<<<;;;;;<##############################OOOPPPPPPIII#####################################HHHHHHHHHHHHHHHHHHHHHH############
ROW #############LLLLLL##########IIIOOOOO##################################################<<<<<<<;;;;;;##############################NNNOOOOOOIII#####################################HHHHHHHHHHHHHHHHHHHHH#############
ROW #############LLLLLL##########IIIOOOOO##################################################<<<<<<<<;;;;;##############################LLLMMMMMMIII#####################################HHHHHHHHHHHHHHHHHHHH##############
ROW #############LLLLLL##########IIIIOOO###################################################<<<<<<<<<#;;;##############################KKKLLLLLLIII######################################HHHHHHHHHHHHHHHHHHH##############
ROW #############LLLLLL##########IIIIIOO#######################################################;;<<<<##;##############################JJJIKKKKKIII######################################HHHHHHHHHHHHHHHHHHH##############
ROW #############LLLLLL##########IIIIIIO########################################################;;<<<<<###############################HHHHHHHIIIII######################################HHHHHHHHHHHHHHHHHHH##############
ROW #############LLLLLL##########IIIIII###########################################################<<<<<<##############################HHHHHHHHHIII######################################HHHHHHHHHHHHHHHHHHH##############
ROW #############LLLLLL########################################################################<<##<<<<<##########HHHHHHHHHH##########HHHHHHHHHIII######################################HHHHHHHHHHHHHHHHHHH##############
ROW #############LLLLLL########################################################################<<<<<<<<<##########HHHHHHHHHH##########HHHHHHHHHHII######################################HHHHHHHHHHHHHHHHHHH##############
ROW #############LLLLLL########################################################################<<<;<<<<<##########HHHHHHHHHH##########HHHHHHHHHHHI######################################HHHHHHHHHHHHHHHHHH###############
ROW #############LLLLLL#####################################AAAAAAAA====########?============##<<<<<<<<<#<<LLLHHHHHHHHHHHHHH##########HHHHHHHHHHHH#######################################HHHHHHHHHHHHHHHHHH##############
ROW #############LLLLLL####################################AAAAAAAAA==========>>=============##<<<<<<<<<<<<LLLHHHHHHHHHHHHHHHHHHHHHHHHHHHHHHHHHHHH#######################################HHHHHHHHHHHHHHHHHH##############
ROW #############LLLLLL####################################AAAAAAAAA=========================##<<<<<<<FFFFFLLLHHHHHHHHHHHHHHHHHHHHHHHHHHHHHHHHHHHH#######################################HHHHHHHHHHHHHHHHHH##############
ROW #############LLLLLL####################################AAAAAAAAA============================<<<<<<FFFFFLLLHHHHHHHHHHHHHHHHHHHHHHHHHHHHHHHHHHHH#######################################HHHHHHHHHHHHHHHHHH##############
ROW #############LLLLLL#####################################AAAAAAAA============================<<<<<<FFFFFLLLHHHHHHHHHHHHHHHHHHHHHHHHHHHHHHHHHHHH#######################################HHHHHHHHHHHHHHHHHH##############
ROW #############LLLLLL####################################=AAAAAAAA============================<<<<<<FFFFFLLLHHHHHHHHHHHHHHHHHHHHHHHHHHHHHHHPPPPP#######################################HHHHHHHHHHHHHHHHHH##############
ROW #############LLLLLL####################################=====================================<<<<<<FFFFFLLLHHHHHHHHHHHHHHHHHHHHHHHHHHHHHHHPPPPP#######################################HHHHHHHHHHHHHHHHH###############
ROW #############LLLLLLLLLLLLLLLLLLL#######################=====================================<<<<<<FFFFFLLLHHHHHHHHHHHHHHHHHHHHHHHHHHHHHHHPPPPP#######################################HHHHHHHHHHHHHHHHH###############
ROW #############LLLLLLLLLLLLLLLLLLL#######################==================####===============<<<<<<FFFFFLLLHHHHHHHHHHHHHHHHHHHHHHHHHHHHHHHPPPPP#######################################HHHHHHHHHHHHHHHHH###############
ROW #############LLLLLLLLLLLLLLLLLLL#######################==================####============##<<<<<<<<<FFFLLLHHHHHHHHHHHHHHHHHHHHHHHHHHHHHHHPPPPP######################################HHHHHHHHHHHHHHHHHH###############
ROW #############LLLLLLLLLLLOOLLLLLL#######################==============#===####============##<<<<<<<<<<<<LLLHHHHHHH#########HHHHHH####################################################HHHHHGHHHHHHHHHHHH###############
ROW #############LLLLLLLLLLLOOOLLLLL###########################=====###########################<<<<<<<<<<<<LLLHHHHHH####################################################################HHHHHGHHHHHHHHHHHH###############
ROW #############LLLLLLLLLLOOOO##LLL###########################=====###########################<<<<<<<<<<<<LLLHHHHH#####################################################################HHHHHHHHHHHHHHHHHH###############
ROW #######LLLLLLLLLLLLLLLLOOOO##LLLLLLLM###NNNNNLPPP###SSSS#LL=====###########################<<<<<<<<<===LLLHHHH######################################################################HHHHHHHHHHHHHHHHHH###############
ROW #####LMLLLLLLLLLLLLLLLOOOOOLLLLLLLLLLLLLMMLLLLPPP###SSSSSLL>>>>>###########################<<<<<<======LLLHHHH#######################################################################HHHHHHHHHHHHHHHHH###############
ROW #####LLLLLLLLLLLLLLLLLLOOOLLLLLLLLLLLLLLLLLLLLPPPPPSSSSSSLL?????>##########################============LLLHHHH#######################################################################HHHHHHHHHHHHHHHHH###############
ROW #####LLLLLLLLLLLLLLLLLLLLLLLLLLLLLLLLLLLLLLLLLPPPPPSSSSSSLL@@@??###########################==========>>LLLHHHH#########################################################HHHHH#########HHHHHHHHHHHHHHHHHH##############
ROW #####LMLLLLLLLLLLLLLLLLLLLLLLLLLLLLLLLLLLLLLLL#PPPPSSSSSLLLA@@@@###########################>>>==>>>>>>>LLLHHHH#######################################HHHUUWWVUUUUUULLLLHHHHHHHHHHHHHHHHHHHHHHHHHHHHHHHH##############
ROW #####LLLLLLLLLLLLLLLLLLLLLLLLLLLLLLLLLLLLLLLLLLLPPPPLLLLLLLBBAAA###########################>>>>>>>>>>??LLLHHHH##################################HHHHHHHHUUWWWVUUUUULLLLHHHHHHHHHHHHHHHHHHHHHHHHHHHHHHHH##############
ROW #####LLLLLLLLLLLLLLLLLLLLLLLLLLLLLLLLLLLLLLLLLLLLLPLLLLLLLLECBBA###########################??>>>>>>????LLLHHHH#################################HHHHHHHHHUUWWWWVVUUULLLLHHHHHHHHHHHHHHHHHHHHHHHHHHHHHHHH##############
ROW #####LLLLLLLLLLLLLLLLLLLLLLLLLLLLLLLLLLLLLLLLLLLLLLLLLLLLFEDDCCB###########################??????????@@LLLHHHH#################################HHHHHHHHHUUXWWWWUUUULLLLHHHHHHHHHHHHHHHHHHHHHHHHHHHHHHHH##############
ROW #####LLLLLLLLLLLLLLLLLLLLLLLLLLLLLLLLLLLLLLLLLLLLLLLLLJIGFFEDDC############################@@@?????@@@@LLLHHHH#################################HHHHHHHHHUUXWWWWUUUUHHHHHHHHHHHHHHHHHHHHHHHHHHHHHHHHHHHH##############
ROW #####LLLLLLLLLLLLLLLLLLLLLLLLLLLLLLLLLLLLLLLLLLLLLLLLKJIHGFEED############################AA@@@@@@@@@AALLLHHHH#################################HHHHHHHHHHUXXWWWUUUUHHHHHHHHHHHHHHHHHHHHHHHHHHHHHHHHHHHH##############
ROW #####LLLLLLLLLLLLLLLLLLLLLLLLLLLLLLLLLLLLLLLLLLLLLLLKKJIHGFFE#############################AAAA@@@@@AAAALLLHHHH#################################HHHHHHHHHHUUUUUUUUU#HHHHHHHHHHHHHHHHHHHHHHHHHHHHHHHHHHHH##############
ROW #####LLLLLLLLLLLLLLLLLLLLLLLLLLLLLLLLLLLLLLLLLLLLLMLKJJIHGGF##############################BBAAAAAAAAABBLLLHHHH#################################HHHHHHHHHHHHHHHHHHHHHHHHHHHHHHHHHHHHHHHHHHHHHHHHHHHHHHH###############
ROW ######LLLLLLLLLL##LLLL#LLLM##KLLLLLLLK##LLLLLLLLL###LKJIHH################################BBBBBAAAABBBBLLLHHHH#################################HHHHHHHHHHHHHHHHHHHHHHHHHHHHHHHHHHHHHHHHHHHHHHHHHHHHHHH###############
ROW #######################LLLL##KKKKLLLLL####################################################CBBBBBBBBBBCCLLLHHHH################################HHHHHHHHHHHHHHHHHHHHHHHHHHHHHHHHHHHHHHHHHHHHHHHHHHHHHHHHHHHHHOOOO######
ROW #######################LLLLLLLKKKKLLLL####################################################CCCCCCBBBCCCCLLLHHHH################################HHHHHHHHHHHHHHHHHHHHHHHHHHHHHHHHHHHHHHHHHHHHHHHHHHHHHHHHHHHHHOOOO######
ROW #######################LLLLLLLKKKKKLLL####################################################DCCCCCCCCCCDDLLLHHHH################################HHHHHHHHHHHHHHHHHHHHHHHHHHHHHHHHHHHHHHHHHHHHHHHHHHHHHHHHHHHHHHHHH######
ROW #############################KKKKKK#######################################################DDDDDDDCCDDDDLLLHHHH################################HHHHHHHHHHHHHHHHHHHHHHHHHHHHHHHHHHHHHHHHHHHHHHHHHHHHHHHHHHHHHHHHH######
ROW #############################KKKKKK#######################################################EDDDDDDDDDDEELLLHHHH################################HHHHHHHHHHHHHHHHHHHHHHHHHHHHHHHHHHHHHHHHHHHHGHHHHHHHHHHHHHHHHHHHH######
ROW #############################KKKKKK#######################################################EEEEEEEEEEEEELLLHHHH################################HHHHHHHHHHHHHHHHHHHHHHHHHHHHHHHHHHHHHHHHHHHHGHHHHHHHHHHHHHHHHHHHH######
ROW #############################KKKKKK#######################################################EEEEEEEEEFFFFLLLHHHH################################HHHHHHHHHHHHHHHHHHHHHHHHHHHHHHHHHHHHHHHHHHHGGHHHHHHHHHHHHHHHHHHHH######
ROW #############################KKKKKK#########################################################FEEFFFFFFFFLLLHHHH################################HHHHHHHHHHHHHHHHHHHHHHHHHHHHHHHHHHHHHHHHHHHGGHHHHHHHHHHHHHHHHHHHH######
ROW #############################KKKKKK########################################################FFFFFFFFFGGGLLLHHHH################################HHHHHHHHHHHHHHHHHHHHHHHHHHHHHHHHHHHHHHHHHHHGGHHHHHHHHHHHHHHGGGGGG######
ROW #############################KKKKKK########################################################GFFFGGGGGGGGLLLHHHH################################HHHHHHHHHHHHHHHHHHHHHHHHHHHHHHHHHHHHHHHHHHHGGHHHHHHHHHHHHHHHHHHHH######
ROW #############################KKKKKK########################################################GGGGGGGGGGGGLLLHHHH################################HHHHHHHHHHHHHHHMMMMHHHHHHHHHHHHHHHHHHHHHHHGGGHHHHHHHHHHHHHHHHHHHH######
ROW #############################KKKKKK########################################################GGGGGHHHHHHHLLLHHHH###################################HHHHHHHHHHHH#MMMHHHHHHHHHHHHHHHHHHHHHHHGGGHHHHHHHHHHHHHHHHHHHH######
ROW #############################KKKKKK########################################################HHHHHHHHHHHHLLLHHHH###################################HHH#HHHHH#####MMHHHIIIIIIIIIIIIIIIL##LHGGGHHHHHHHHGGNNNHHHHHHH######
ROW #############################KKKKKK########################################################HHHHHHHHHHHHH#LHHHH######################################HHHHH##########IIIIIIIIIIIIIIIILLLLGGGGFGGGGGGGGGNNNIIIIIII######
ROW #############################KKKKKK########################################################HHHHHHHHHHHHHHHHHHH####################################HHHHHH############IIIIIIIIIIIIIIILLLLGFFFFFFFFFFFFFNNNJJJJJJJ######
ROW #############################KKKKKK########################################################HHHHHHHHHHHHHHHHHHH####################################HHHH##P############IIIIIIIIIIIIIILLLLFFFFEEEEEFFFFFQQQKKKKKKK######
ROW #############################KKKKKK######################################################JIHHHHHHHHHHHHHHHHHHH##################################HHHHHH#PPPPP##########IIIIIIIIIIIIILLLLFEEEEEEEEEEEEEQQQLLLLLLL######
ROW ###################LLLLLLLLLLLKKKLLLLLLLLLLLL############################################JIIHHHHHHHHHHHHHHHHHH##################################HHHHHPPTTPP###########IIIIIIIIIIIIILLLLEEEEDDDDDDDDEEQQQMMMMMMM######
ROW ###################LLLLLLLLLLLLLLLLLLLLLLLLLL############################################JIIHHHHHHHHHHHHHHHHHH##################################HHHHHTTTTPP###########IIIIIIIIIIIIILLLLDDDDDDDCCCDDDDQQQNNNNNNN######
ROW ###################LLLLLLLLLLLLLLLLLLLLLLLLLL#############################################IIHHHHHHHHHHHHHHHHHH##################################HHHHHTTTTTP###########IIIIIIIIIIIIILLLLDCCCCCCCCCCCCDQQQNNNNNNN######
ROW ###################LLLLLLLLLLLLLLLLLLLLLLLLLL#######################################HHHHHJIIHHHHHHHHHHHHHHHHHH##################################HHHHH#TTTTP###########IIIIIIIIIIIIILLLLCCBBBBBBBBBBCCQQQNNNNNNN######
ROW ###################LLLLSSLLLLLLLLLLLLLLLLLLLL#######################################HHHHHHHIHHHHHHHHHHHHHHHHHH##################################HHHHHHHHTT############IIIIIIIIIIIIILLLLBBBBAAAAAABBBBQQQNNNNNNN######
ROW ############LLLLLLLLL#SSSLLLLLLLLLLLLLLLLLLLLLLLLL##################################HHHHHHHHHHHHHHHHHHHH#MMMHH##################################HHHHHHHHTT###########IIIIIIIIIIIIIILLLLAAAAAA@@@AAAAAQQQNNNNNNN######
ROW ############LLLLLLLLLSSSSLLLLLLLLLKKKLLLLLLLLLLLLL##################################HHHHHHHHHHHHHHHHHHHHMMMMHH##################################HHHHHHH#TT###########IIIIIIIIIIIIIILLLLA@@@@@@@@@@@AAQQQNNNNNNN######
ROW ############OOOOOOOOOSSSSSOLLLLLKKKKLKOOOOOOOOOOOO##################################HHHHHHHIIIIIIHHHHHHHMMMMHH##################################HHHHHHHHHHH##########IIIIIIIIIIIIIILLLL@@?????????@@@QQQNNNNNNN######
ROW ############OOOOOOOOO#SSSSOLLLKKKKKKKLOOOOOOOOOOOO###################################HHHHHHHHHHHHHHHHHHHHHMHHH##################################HHHHHHHHHHH##########IIIIIIIIIIIIIILLLL???>>>>>>>????QQQNNNNNNN######
ROW ############OOOOOOOOOOOOOOOLKKKKKKKJKLOOOOOOOOOOOO#############################HHHHHHHHHHHHHHHHHHHHHHHHHHHHHHHH#################################HHHHHHHHHHH##########IIIIIIIIIIIIIILLLL>>>>>>>>>>>>>>QQQNNNNNNN######
ROW ############LKIIIIIIIIIJJJKKKKKKKJJJJKJJIIIIIIIII##############################HHHHHHHHHHHHHHHHHHHHHHHHHHHHHHHHH################################HHHHHHHHHHH##########IIIIIIIIIIIIIILLLL>===========>>QQQNNNNNNN######
ROW ############KKIIIIIIIIIIJJKKKKKJJJJJJJJJJIIIIIIIII#############################HHHHHHHHHHHHHHHHHHHHHHHHHHHHHHHHHHHHHHHHHHHHHHHH##IHHHHHHHHHH####HHHHHHHHHHH##########IIIIIIIIIIIIIILLLL==<<<<<<<<====QQQNNNNNNN######
ROW ############JJIIIIIIIIIIIJJJJJJJJJJIJJJJJJIIIIIIII##############################HHHHHHHHHHHHHHHHHHHHHHHHHHHHHHHHHHHHHHHHHHHHHHHHHHHHHHHHHHHHH###HHHHHHHHHHH##########IIIIIIIIIIIIIILLLL<<<<;;<<<<<<<<QQQNNNNNNN######
ROW ############IIIIIIIIIIIIIIJJJJJJJIIIIIIIIIIIIIIIIII#############################HHHHHHHHHHHHHHHHHHHHHHHHHHHHHHHHHHHHHHHHHHHHHHHHHHHHHHHHHHHHH###HHHHHHHHHHH##########IIIIIIIIIIIIIILLLL;;;;;;;;;;;;;;QQQNNNNNNN######
ROW ############IIIIIIIIIIIIIIIIIIIIIIIIIIIIIIIIIIIIIII#############################JHHHHHHHHHHHHHHHHHHHHHHHHHHHHHHHHHHHHHHHHHHHHHHHHHHHHHHHHHHHH###HHHHHHHHHHH##########IIIIIIIIIIIIIILLLL;;::::::::::;;QQQNNNNNNN######
ROW ############IIIIIIIIIIIIIIIIIIIIIIIHIIIIIIIIIIIIIII#############################IIIIHHHHHHHHHHHHHHHHHHHHHHHHHHHHHHHHHHHHHHHHHHHHHHHHHHHHHHHHH###HHHHHHHHHHH##########IIIIIIIIIIIIIILLLL:::999:::9::::QQQNNNNNNN######
ROW ############IIIIIIIIIIIIIIIIIIIIIIIIIIIIIIIIIIIIIII#############################HHHHHHHHHHHHHHHHHHHHHHHHHHHHHHHHHHHHHHHHHHHHHHHHHHHHHHHHHHHHI###HHHHHHHHHHH##########IIIIIIIIIIIIIILLL:99999999999999QQQNNNNNNN######
ROW ############IIIIIIIIIIIIIIIIIIIIIIIIIIIIIIIIIIIIIII#############################HHHHHHHHHHHHHHHHHHHHHHHHHHHHHHHHHHHHHHHHHHHHHHHHHHHHHHHHHHHHI###HHHH#HHHHHH##########IIIIIIIIIIIIIILLL999999888888999QQQNNNNNNN######
ROW ############IIIIIIIIIIIIIIIIIIIIIIIIIIIIIIIIIIIIIII#############################HHHHHHHHHHHHHHHHHHHHHHHHHHHHHHHHHHHHHHHHHHHHHHHHHHHHHHHHHHHHI##HHHH##HHHHHH##########IIIIIIIIIIIIII#LL888888888888888QQQNNNNNNN######
ROW ############IIIIIIIIIIIIIIIIIIIIIIIIIIIIIIIIIIIIIIII############################HHHHHHHHHHHHHHHHHHHHHHHHHHHHHHHHHHHHHHHHHHHHHHHHHHHIHHHHHHHH#######HHHHHH############IIIIIIIIIIIIII###888888877777778###NNNNNNN######
ROW ############IIIIIIIIIIIIIIIIIIIIIIIIIIIIIIIIIIIIIIII############################HHHHHHHHHHHHHHHHHHHH####################HHHHHHHHHHHIHHHHHHHH######HHHHHH#############IIIIIIIIIIIIII###777777777777777################
ROW ############IIIIIIIIIIIIIIIIIIIIIIIIIIIIIIIIIIIIIIII#############################HHHHHHHHHHHHHHHHHH######################HHHHHHHHHIIHHHHHHHH######HHHH##H############IIIIIIIIIIIIII###777777777777777################
ROW ############IIIIIIIIIIIIIIIIIIIIIIIIIIIIIIIIIIIIIIII##############################HHHHHHHHHHHHHHHH########################HHHHHHHHIIHHHHHHHH#####HHHHHHHHI###########IIIIIIIIIIIIII###776666666666666################
ROW ############IIIIIIIIIIIIIIIIIIIIIIIIIIIIIIIIIIIIIIII###############################HHHHHHHHHHHHHH##########################HHHHHHIIIHHHHHHHHHHHHHHHHHHHHHIII#########IIIIIIIIIIIIII###666666666666666################
ROW ############IIIIIIIIIIIIIIIIIIIIIIIIIIIIIIIIIIIIIIII################################HHHHHHHHHHHHH###########################IIIIIIIIHHHHHHHHHHHHHHHHHHHHHIII#########IIIIIIIIIIIIII###666666666666666################
ROW ############IIIIIIIIIIIIIIIIIIIIIIIIIIIIIIIIIIIIIIIII######################################HHHHHH###########################IIIIIIIIHHHHHHHHHHHHHHHHHHHHHIII##########################666666555556666################
ROW ############IIIIIIIIIIIIIIIIIIIIIIIIIIIIIIIIIIIIIIIII######################################HHHHHH###########################IIIIIIIIHHHHHHHHHHHHHHHHHHHHHIIJ#########################################################
ROW ############IIIIIIIIIIIIIIIIIIIIIIIIIIIIIIIIIIIIIIIII######################################HHHHHH###########################IIIIIIIHHHHHHHHHHHHHHHHHHHHHHIIJ#########################################################
ROW #############IIIIIIIIIIIIIIIIIIIIIIIIIIIIIIIIIIIIIIII######################################HHHHHH##########################IIIIIIHHHHHHHHHHHHHHHHHHHHHHHHIIJ#########################################################
ROW ##############IIIIIIIIIIIIIIIIIIIIIIIIIIIIIIIIIIIIIII######################################HHHHHH##########################IIIIIHHHHHHHHHHHHHHHHHHHHHHHHHIIJ#########################################################
ROW ##############IIIIHIIIIIIIIIIIIIIIIIIIIIIIIIIOOOIIIII######################################HHHHHH##########################NNIIHHHHHHHHHHHHHHHHHHHHHHHHHHIIJ#########################################################
ROW ##############IIIIHIIIIIIIIIIIIIIIIIIIIIIIIIIOOOOIIII######################################HHHHHH##########################NNNHHHHHHHHHHHHHHHHHHHHHHHHHLHIIJ#########################################################
ROW ##############IIIIHHIIIIIIIIIIIIIIIIIIIIIIOOOOOOOIIII######################################HHHHHH###########################NNHHHHHHHHHHHHHHHHHHHHHLLLLLHIIJ#########################################################
ROW ##############IIIIHHIIIIIIIIIIIIIIIIIIIIIIOOOOOO###########################################HHHHHH###########################NHHHHHHHHHHHHHHHHHHHHHLLLLLLLIIJ#########################################################
ROW ##############IIIIHHHIIIIIIIIIIIIIIIIIIIIIOOOOO############################################HHHHHH###########################HQQHHHHHHHHHHHHHHHHHHHLLLLLLLIIJ#########################################################
ROW #############IIIIIIIIIIIIIIIIIIIIIIIIIIIIOOOOO#############################################HHHHHH###########################QQQQHHHHHHHHHHHHHHHHHHHLLMMMMIIJ#########################################################
ROW #############IIIIIIIIIIIIIIIIIIIIIIIIIIII#OOO##############################################HHHHHH###########################QQQQHHHHHHHHHHHHHHHHHHHMMMMMMIIJ#########################################################
ROW #############IIIIIIIIIIIIIIIIIIIIIIIIIIIIOOOO##############################################SSS#HH###########################QQQQQHHHHHHHHHHHHHHHHHHMNNNNNNII#########################################################
ROW #############IIIIIIIIIIIIIIIIIIIIIIIIIIIIOOOO##############################################SSS##H###########################QQQQQHHHHHHHHHHHHHHHHHHONNNNNNII#########################################################
ROW #############IIIIIIIIIIIIIIIIIIIIIIIIIIIIOOOO##############################################SSSS#H###########################QQQQQHHHHHHHHHHHHHHHHHHHONNNNNII#########################################################
ROW #############IIIIIIIIIIIIIII###IIIIIIIIIIOO################################################SSS##H###########################QQMMIHHHHHHHHHHHHHHHHHHHNNNNMMII#########################################################
ROW ############IIIIIIIIIIIII##YYYYYYYYYYYYYYYYYY##############################################SSS##H###########################MMMMIHHHHHHHHHHHHHHHHHHHNMMMMMMI#########################################################
ROW ############JJJJJIIIIIIIJYYYYYYYYYYZYZZZYYYYY##############################################SSSHHH###########################MMMMIHHHHHHHHHHHHHHHHHHHMMMMMLLI#########################################################
ROW ############JJJJJJJIIIJJJYYYYYYYYYYZZZZZYYYYY####################VV########################SSSPHH###########################MMMMMHHHHHHHHHHHHHHHHHHHHLLLLLLI#########################################################
ROW ############KKKKKJJJIJJJKYYYYYYYYYYZZZZZUUUUU##############\\\VVVVXX#######################PPPPHH###########################MMMMIIIHHHHHHHHHHHHHHHHHHLLLHIII#########################################################
ROW ############KKKKKKJJJJJKKYYYYYYYYYYZZZZZUUUUU##############\\\UUUWWW#######################PPPHHH###########################HHHHHIIIHHHHHHHHHHHHHHHHHHHHHIII#########################################################
ROW ############LLLLKKKKJKKKLYYYYYYYYYYYZZZZUUUUUU#############ZZZUUVXXX#######################PPPHHHH##########################HHHHHIIIHHHHHHHHHHHHHHHHHHHHHIII#########################################################
ROW ############LLLLLLKKKKKLLYYYYYYYYYYYUUUUUUUUUUU############UUUUUUXXX#######################HHHHHHH##########################HHHHHHIIHHHHHHHHHHHHHHHHHHHHHIII#########################################################
ROW ############MMMMMLLLKLLLMYYYYYYYUUUUUUUUUUUUUUUU###U#UUU###UUUUUUXXX#######################HHHHHHH##########################HHHHHHHIHHHHHHHHHHHHHHHHHHHHHIII#########################################################
ROW ############MMMMMMLLLLLMMYYYYYYYUUUUUUUUUUUUUUUUUUUUUUUUUUUUUUUUUXXX#######################HHHHHHH########################HHHHHHHHHHHHHHHHHHHHHHHHHHHHHHHIII#########################################################
ROW ############NNNNNMMMLMMMNYYYYYYYUUUUUUUUUUUUUUUUUUUUUUUUUUUUUUUUUXXX#######################HHHHHHH########################HHHHHHHHHHHHHHHHHHHHHHHHHHHHHHHIII#########################################################
ROW ############NNNNNNMMMMMNNYYYYYYYUUUUUUUUUUUUUUUUUUUUUUUUUUUUUUUUUUUU#######################HHHHHHH########################HHHHHHHHHHHHHHHHHHHHHHHHHHHHHHHIII#########################################################
ROW ############OOOOONNNMNNNOYYYYYYYUUUUUUUUUUUUUUUUUUUUUUUUUUUUUUUUUUUU#######################HHHHHHH########################HHHHHHHHHHHHHHHHHHHHHHHHHHHHHHH#II#########################################################
ROW ############OOOOOONNNNNOOYYYUUUUUUUUUUUUUUUUUUUUUUUUUUUUUUUUUUUUUUUU#######################HHHHHHH########################HHHHHHHHHHHHHHHHHHHHHHHHHHHHHHH#II#########################################################
ROW ############PPPPPOOONOOOPYYYUUUUUUUUUUUUUUUUUUUUUUUUUUUUUUUUUUUUUUUU#######################HHHHHHH########################HHHHHHHHHHHHHH#########HHHHHHHHH###########################################################
ROW ############PPPPPPOOOOOPPYYYUUUUUUUUUUUUUUUUUUUUUUUUUUUUUUUUUUYYYYYY#######################HHHHHHH########################HHHHHHHHHHHHHH##########HHHHHHH############################################################
ROW ############QQQQQPPPOPPPQYYYUUUUUUUUUUUUUUUUUUUUUUUUUUUUUUUUUUZZZZZZ#######################HHHHHHHH#######################HHHHHHHHHHHHHH###########HHHHH#############################################################
ROW ###########QQQQQQQQPPPPQQYYYUUUUUUUUUUUUUUUUUUUUUUUUUUUUUUUUUUZZZZZZ#######################HHHHHHHHH#####################HHHHHHHHHHHHHHH#############################################################################
ROW ###########RRRRRRQQQPQQQRYYYUUUUUUUUUUUUUUUUUUUUUUUUUUUUUUUUUU[[[[[[#######################HHHHHHHHHIHHHJJJJJJJJJ#######HHHHHHHHHHHHHHHHH############################################################################
ROW ###########RRRRRRRRQQQRRRYYYUUUUUUUUUUUUUUUUUUUUUUUUUUUUUUUUUU[[[[[[#######################HHHHHHHHHIHHHHHIIIIIII######HHHHHHHHHHHHHHHHHH############################################################################
ROW ###########SSSSSSRRRRRRRSYYYUUUUUUUUUUUUUUUUUUUUUUUUUUUUUUUUUU\\\\\\#######################HHHHHHHHIIIHHHHHHHHHHHHHHHHHHHHHHHHHHHHHHHHHHH############################################################################
ROW ###########SSSSSSSSRRRSSSYYYUUUUUUUUUUUUUUUUUUUUUUUUUUUUUUUUUU\\\\\\#######################HHHHHHHIIIHHHHHHHHHHHHHHHHHHHHHHHHHHHHHHHHHHHH############################################################################
ROW ##########TTTTTTTSSSSSSSTYYYUUUUUUUUUUUUUUUUUUUUUUUUUUUUUUUUUU\\\\\\#######################HHHHHHIHHHHHHHHHHHHHHHHHHHHHHHHHHHHHHHHHHHHHH#############################################################################
ROW #########TTTTTTTTTTSSTTTTYYYUUUUUUUUUUUUUUUUUUUUUUUUUUUUUUUUUU\\\\\\#######################HHHHHHHHHHHHHHHHHHHHHHHHHHHHHHHHHHHHHHHHHHHHH#############################################################################
ROW ########TTUUUUUUUUTTTTTUUYYYUUUUUUUUUUUUUUUUUUUUUUUUUUUUUUUUUU\\\\\\#######################HHHHHHHHHHHHHHHHHHHHHHHHHHHHHHHHHHHHHHHHHHHHH#############################################################################
ROW #######UUUUUUUUUUUUUTUUUUYYYUUUUUUUUUUUUUUUUUUUUUUUUUUUUUUUUUU[[[[[[#######################XXXXXXXXXXSSSSSSSOOOOOOOOOOIIIIHHHHHHHHHHHHMM#############################################################################
ROW ######UUUUUUUUUUUUUUUUUUUYYYUUUUUUUUUUUUUUUUUUUUUUUUUUUUUUUUUUZZZZZZ#######################XXXXXXXXXXSSSSSSSOOOOOOOOOOIIIHHHHHHHHHHHHMMM#############################################################################
ROW #####UUUUUUUUUUUUUUUUUUUUYYYUUUUUUUUUUUUUUUUUUUUUUUUUUUUUUUUUUYYYYYY#######################XXXXXXXXXXSSSSSSSOOOOOOOOOOIHHHHHHHHHHHHHH#MM#############################################################################
ROW ####UUUUUUUUUUUUUUUUUUUUUYYYUUUUUUUUUUUUUUUUUUUUUUUUUUUUUUUUUUUUUUUU####UUUUUUUUUVVVUUUUUVVXXXXXXXXXXSSSSSSSOOOOOOOOOOHHHHHHHHHHHHHHHHMMHHHH#########################################################################
ROW ####UUUUUUUUUUUUUUUUUUUUUUUUUUUUUUUUUUUUUUUUUUUUUUUUUUUUUUUUUUUUUUUU####UUUUUUUUUUUUUUUUUUTTTSSSRRQQPPOONNMMLLKKJJJIIIHHHHHHHHHHHHHHHHHHHHHH#########################################################################
ROW ####UUUUUUUUUUUUUUUUUUUUUUUUUUUUUUUUUUUUUUUUUUUUUUUUUUUUUUUUUUUUUUUU####UUUUUUUUUUUUUUUUUUTTSSSRRRQQPPOONNMMLLKKJJIIIHHHHHHHHHHHHHHHHHHHHHHH#########################################################################
ROW ####UUUUUUUUUUUUUUUUUUUUUUUUUUUUUUUUUUUUUUUUUUUUUUUUUUUUUUUUUUUUUUUUUUUUUUUUUUUUUUUUUUUUTTTTSSRRRQQPPOOONNMMLLKKJJIIIHHHHHHHHHHHHHHHHHHHHHHH#########################################################################
ROW ####UUUUUUUUUUUUUUUUUUUUUUUUUUUUUUUUUUUUUUUUUUUUUUUUUUUUUUUUUUUUUUUUUUUUUUUUUUUUUUUTUTTTTTTSSSRRQQQPPOONNMMLLKKJJJIIIHHHHHHHHHHHHHHHHHHHHHHH#########################################################################
ROW ####UUUUUUUUUUUUUUUUUUUUUUTTTTTTTTTUUUUUUUUUUUUUUUUUUUUUUUUTTTTTTTUUUUUUUUTUUUUUUUUTTTTTTTTSSRRRQQPPPOONNMMLLKKJJIIIHHHHHHHHHHHHHHHHHHHHHHHH#########################################################################
ROW ####UUUUUUUUUUUUUUUUUUUUUUUUUUUUUUUUUUUUUUUUUUUUUUUUUUUUUUUUUUUUUUUUUUUUUUUUUUUUUUUTTTTTTTSSSRRQQQPPOOONNMMLLKKJJIIIHHHHHHHHHHHHHHHHHHHHHHHH#########################################################################
ROW ####UUUUUUUUUUUUUUUUUUUUUUUUUUUUUUUUUUUUUUUUUUUUUUUUUUUUUUUUUUUUUUUUUUUUUUUUUUUUUUUTTTTTTTSSSRRQQPPPOONNNMMLLKKJJIIIHHHHHHHHHHHHHHHHHHHHHHHH#########################################################################
ROW ####UUUUUTUUUUUUUUUUUUUUUUUUUUUUUUUUUUUUUUUUUUUUUUUUUUUUUUUUUUUUUUUUUUUUUUUUUUUUUUUUTTTTUTTSSRRQQPPOONNNMMLLLKKJJIIHHHHHHHHHHHHHHHHHHHHHHHHH#########################################################################
ROW ####UUUUUUUUUUUUUUUUUUUUUUUUUUUUUUUUUUUUUUUUUUUUUUUUUUUUUUUUUUUUUUUUUUUUUUUUUUUUUUUUTTTTUTTSSRRQQPPOOONNMMLLKKJJIIIIHHHHHHHHHHHHHHHHHHHHHHHH#########################################################################
ROW ####UUUUUUUUXYYZ[ZZZYYYXUUUUUUUUUUUUUUUUUUUUUUUUUUUUUUUUUUUUUUUUUUUUUUUUUUUUUUUUUUUUTTTUUTTSSRRQQPPPOONNMMLLKKJJIIIIHHHHHHHHHHHHHHHHHHHHHHHH#########################################################################
ROW ####UUUUUUUUXYYZ[ZZZYYYXTTUUUUUUUUUUUUUUUUUUUUUUUUUUUUUTTTTTTTTTTTTTTTTTTTTTTTTTTTTTTTUUUTTTSSRRQQPPOONNNMMLLKKJJIIIIHHHHHHHHHHHHHHHHHHHHHHH#########################################################################
ROW ####UUUUUUUUXYYZ[ZZZYYYXTTUUUUUUUUUUUUUUUUUUUUUUUUUUUUUUTTTTTTTUUUUUUUUUUUTTTTTTTTTTTUUUUTTTSSRRQQQPPOONNMMLLKKJJIIIIHHHHHHHHHHHHHHHHHHHHHHH#########################################################################
ROW ####UUUUUUUUXYYZ[ZZZYYYXUTUUUUUUUUUUUUUUUUUUUUUUUUUUUUUUUTUUUUUUUUUUUUUUUUUUUUUUUUUUUUUUUUTTSSSRRQQPPOOONNMMLLKKJJIIIHHHHHHHHHHHHHHHHHHHHHHH#########################################################################
ROW ####UUUUUUUUXYYZ[ZZZYYYXUUUUUUUUUUUUUUUUUUUUUUUUUUUUUUUUUUUUUUUUUUUUUUUUUUUUUUUUUUUUUUUUUUTTTSSRRRQQPPOONNMMLLKKJJIIIIHHHHHHHHHHHHHHHHHHHHHH#########################################################################
ROW ####UUUUUUUUXYYZ[ZZZYYYXUUUUUUUUUUUUUUUUUUUUUUUUUUUUUUUUUUUUUUUUUUUUUUUUUUUUUUUUUUUUUUUUUUTTTSSSRRQQPPPOONNMMLLKKJJIIIHHHHHHHHHHHHHHHHHHHHHH#########################################################################
ROW ####UUUUUUUUUUUUUUUUUUUUUUUUUUUUUUUUUUUUUUUUUUUUUUUUUUUUUUUUUUUUU#UUUUUUUUUUUUUUUUUUUUUUUUTTTTSSSRRQQPPOONNMMLLKKJJIIIHHHHHHHHHHHHHHHHHHHHHH#########################################################################
ROW ####UUUUUUUUUUUUUUUUUUUUUUUUUUUUUUUUUUUUUUUUUUUUUUUUUUUUUUUUUUUUU#UUUUUUUUUUUUUUUUUUUUUUUUTTTTSSRRQQQPPOONNMMLLKKJJIIIHHHHHHHHHHHHHHHHHHHHHH#########################################################################
ROW ####UUUUUUUUUUUUUUUUUUUUUUUUUUUUUUUUUUUUUUUUUUUUUUUUUUUUUUUUUUUUUUUUUUUUUUUUUUUUUUUUUUUUUUUUUUUSRRQQPPPOONNMMLLKKJJIIIHHHHHHLLHHHHHHHHHHHHH##########################################################################
ROW ####UUUUUUUUUUUUUUUUUUUUUUUUUUUUUUUUUUUUUUUUUUUUUUUUUUUUUUUUUUUUUUUUUUUUUUUUUUUUUUUUUUUUUUUUUUUUSRQQPPPOONNMMLLKKJJIIIHHHHHHLL#######################################################################################
ROW ############UUUUUUUUUUUUUUUUUUUUUUUUUUUUUUUUUUUUUUUUUUUUUUUUUUUUUUUUUUUUUUUUUUUUUUUUUUUUUUUUUUUUSRRQQPPONNMMMLLKKJJIIIHHHHHHLL#######################################################################################
ROW ##########################UUUUUUUUUUUUUUUUUUUUUUUUUUUUUUUUUUUUUU###UUUUUUUUU##UUUUUUUUU##############PPONNMMLLLKKJJIIIHHHHHHLL#######################################################################################
ROW #####################################################################################################POONNMMLLLKKJJIIIHHHHHHLL#######################################################################################
ROW #####################################################################################################POONNMMLLKKKJJIIIHHHHHHLL#######################################################################################
ROW #####################################################################################################POONNMMLLKKJJJIIIHHHHHHLL#######################################################################################
ROW #####################################################################################################POONNMMLLKKJJJIIIHHHHHHLL#######################################################################################
ROW #####################################################################################################OOONNMMLLKKJJJJJJJJIIIHLL#######################################################################################
ROW #####################################################################################################################################################################################################################
ROW #####################################################################################################################################################################################################################
ROW #####################################################################################################################################################################################################################
ROW #####################################################################################################################################################################################################################
ROW #####################################################################################################################################################################################################################
SPAWN T -14.177 3.231 44.394 
LOOK T 8.487 0.076 33.242 
LABEL A 35.823 4.470 -39.606 
LABEL B -32.404 0.341 -44.301 
TARGET Target0 32.823 2.546 -42.606 
TARGET Target1 39.823 1.403 -38.606 
TARGET Target2 28.823 -0.014 -34.606 
TARGET Target3 39.823 0.009 -20.606 
TARGET Target4 40.823 0.009 -5.606 
TARGET Target5 36.971 0.914 9.601 
TARGET Target6 44.823 0.009 -32.606 
TARGET Target7 24.823 -1.341 -30.606 
TARGET Target8 -4.286 -3.107 -15.059 
TARGET Target9 -0.895 0.914 -0.819 
TARGET Target10 -3.177 -3.055 -27.606 
TARGET Target11 12.823 -2.957 -38.606 
TARGET Target12 -33.177 0.229 -42.606 
TARGET Target13 -41.177 2.692 -34.606 
TARGET Target14 -26.308 0.661 -36.033 
TARGET Target15 -39.177 0.063 -24.606 
TARGET Target16 -35.177 0.934 -4.606 
TARGET Target17 -15.764 -2.759 -12.106 
TARGET Target18 -2.286 0.076 16.002 
TARGET Target19 23.803 2.032 8.163 
ZONE TSpawn -13.177 3.231 45.394 22 8
ZONE CTSpawn 13.823 2.515 -32.606 10 10
ROOF -24.177 -14.606 -5.177 -8.606 1.471
ROOF -49.177 -8.606 -33.177 -0.606 5.129
